HomeTeamID,AwayTeamID,DateTime,Prediction
33,1,2024-03-20T06:05:00,0
1,33,2024-03-21T06:05:00,0
18,32,2024-03-28T13:10:00,0
19,21,2024-03-28T15:05:00,1
12,26,2024-03-28T15:05:00,0
16,17,2024-03-28T16:10:00,0
2,35,2024-03-28T16:10:00,1
30,29,2024-03-28T16:10:00,0
5,20,2024-03-28T16:10:00,0
1,31,2024-03-28T16:10:00,1
22,4,2024-03-28T16:10:00,0
33,15,2024-03-28T16:10:00,0
11,3,2024-03-28T16:10:00,1
28,9,2024-03-28T19:35:00,1
24,10,2024-03-28T22:07:00,0
14,23,2024-03-28T22:10:00,1
13,25,2024-03-28T22:10:00,1
18,32,2024-03-29T13:40:00,0
12,26,2024-03-29T15:05:00,0
11,3,2024-03-29T18:50:00,1
22,4,2024-03-29T19:10:00,0
30,29,2024-03-29T20:10:00,0
14,23,2024-03-29T21:40:00,1
24,10,2024-03-29T21:40:00,0
33,15,2024-03-29T21:40:00,0
13,25,2024-03-29T21:40:00,1
1,31,2024-03-29T22:10:00,1
18,32,2024-03-30T13:40:00,0
16,17,2024-03-30T14:10:00,0
19,21,2024-03-30T16:05:00,1
12,26,2024-03-30T16:05:00,0
24,10,2024-03-30T16:07:00,0
2,35,2024-03-30T16:10:00,1
5,20,2024-03-30T16:10:00,0
22,4,2024-03-30T16:10:00,0
11,3,2024-03-30T16:10:00,1
28,9,2024-03-30T19:05:00,1
30,29,2024-03-30T19:15:00,0
33,15,2024-03-30T19:15:00,0
14,23,2024-03-30T20:10:00,1
1,31,2024-03-30T21:10:00,1
13,25,2024-03-30T21:40:00,1
19,21,2024-03-31T13:35:00,1
12,26,2024-03-31T13:35:00,0
2,35,2024-03-31T13:40:00,1
22,4,2024-03-31T13:40:00,0
18,32,2024-03-31T13:40:00,0
11,3,2024-03-31T13:40:00,1
16,17,2024-03-31T14:10:00,0
30,29,2024-03-31T14:10:00,0
5,20,2024-03-31T14:10:00,0
28,9,2024-03-31T14:35:00,1
24,10,2024-03-31T16:07:00,0
14,23,2024-03-31T16:10:00,1
33,15,2024-03-31T16:10:00,0
13,25,2024-03-31T16:10:00,1
1,31,2024-03-31T19:00:00,1
16,26,2024-04-01T14:10:00,1
9,23,2024-04-01T14:20:00,1
35,4,2024-04-01T16:05:00,0
19,5,2024-04-01T18:35:00,1
22,21,2024-04-01T18:40:00,0
12,2,2024-04-01T18:40:00,0
11,28,2024-04-01T18:50:00,0
18,17,2024-04-01T19:10:00,0
30,3,2024-04-01T20:10:00,1
14,29,2024-04-01T21:40:00,0
24,25,2024-04-01T21:40:00,0
33,31,2024-04-01T21:40:00,0
13,10,2024-04-01T21:40:00,0
1,15,2024-04-01T22:10:00,1
32,20,2024-04-02T16:10:00,0
19,5,2024-04-02T18:35:00,1
22,21,2024-04-02T18:40:00,0
12,2,2024-04-02T18:40:00,0
11,28,2024-04-02T18:50:00,0
18,17,2024-04-02T19:10:00,0
9,23,2024-04-02T19:40:00,1
16,26,2024-04-02T19:40:00,1
30,3,2024-04-02T20:10:00,1
14,29,2024-04-02T21:40:00,0
24,25,2024-04-02T21:40:00,0
33,31,2024-04-02T21:40:00,0
13,10,2024-04-02T21:40:00,0
1,15,2024-04-02T22:10:00,1
19,5,2024-04-03T13:05:00,1
22,21,2024-04-03T13:10:00,0
32,20,2024-04-03T13:10:00,0
11,28,2024-04-03T13:10:00,0
16,26,2024-04-03T14:10:00,1
24,25,2024-04-03T15:37:00,0
14,29,2024-04-03T15:40:00,0
12,2,2024-04-03T16:05:00,0
33,31,2024-04-03T16:10:00,0
13,10,2024-04-03T16:10:00,0
35,4,2024-04-03T18:45:00,0
18,17,2024-04-03T19:10:00,0
9,23,2024-04-03T19:40:00,1
30,3,2024-04-03T20:10:00,1
1,15,2024-04-03T22:10:00,1
18,17,2024-04-04T12:10:00,0
35,4,2024-04-04T16:05:00,0
20,10,2024-04-04T16:10:00,0
31,22,2024-04-04T16:15:00,1
18,17,2024-04-04T16:20:00,0
5,16,2024-04-04T19:40:00,1
29,3,2024-04-05T13:05:00,0
17,24,2024-04-05T13:10:00,0
9,1,2024-04-05T14:20:00,0
23,11,2024-04-05T16:10:00,0
4,19,2024-04-05T16:12:00,1
15,33,2024-04-05T16:35:00,1
2,18,2024-04-05T18:40:00,0
35,12,2024-04-05T18:45:00,0
26,14,2024-04-05T19:20:00,1
5,16,2024-04-05T19:40:00,1
28,30,2024-04-05T20:05:00,1
32,13,2024-04-05T20:10:00,1
21,25,2024-04-05T21:38:00,0
17,24,2024-04-06T13:10:00,0
20,10,2024-04-06T14:10:00,0
31,22,2024-04-06T14:15:00,1
9,1,2024-04-06T16:05:00,0
4,19,2024-04-06T16:05:00,1
35,12,2024-04-06T16:05:00,0
2,18,2024-04-06T16:10:00,0
29,3,2024-04-06T19:05:00,0
28,30,2024-04-06T19:05:00,1
5,16,2024-04-06T19:10:00,1
32,13,2024-04-06T19:10:00,1
26,14,2024-04-06T19:20:00,1
23,11,2024-04-06T20:10:00,0
15,33,2024-04-06T21:05:00,1
21,25,2024-04-06T21:38:00,0
26,14,2024-04-07T13:35:00,1
29,3,2024-04-07T13:35:00,0
4,19,2024-04-07T13:35:00,1
35,12,2024-04-07T13:35:00,0
2,18,2024-04-07T13:40:00,0
17,24,2024-04-07T13:40:00,0
5,16,2024-04-07T14:10:00,1
32,13,2024-04-07T14:10:00,1
20,10,2024-04-07T14:10:00,0
31,22,2024-04-07T14:15:00,1
9,1,2024-04-07T14:20:00,0
23,11,2024-04-07T15:10:00,0
15,33,2024-04-07T16:05:00,1
21,25,2024-04-07T16:07:00,0
28,30,2024-04-07T19:00:00,1
10,16,2024-04-08T17:10:00,1
29,22,2024-04-08T18:05:00,1
2,32,2024-04-08T18:40:00,0
4,17,2024-04-08T18:40:00,1
3,13,2024-04-08T19:07:00,1
26,18,2024-04-08T19:20:00,0
20,1,2024-04-08T19:40:00,0
31,12,2024-04-08T19:45:00,0
28,30,2024-04-08T20:05:00,1
23,14,2024-04-08T20:40:00,0
21,11,2024-04-08T21:38:00,0
33,9,2024-04-08T21:40:00,0
15,35,2024-04-08T21:45:00,0
4,17,2024-04-09T12:35:00,1
25,19,2024-04-09T14:10:00,0
10,16,2024-04-09T18:10:00,1
2,32,2024-04-09T18:40:00,0
29,22,2024-04-09T19:05:00,1
3,13,2024-04-09T19:07:00,1
26,18,2024-04-09T19:20:00,0
5,30,2024-04-09T19:40:00,1
20,1,2024-04-09T19:40:00,0
31,12,2024-04-09T19:45:00,0
28,24,2024-04-09T20:05:00,0
23,14,2024-04-09T20:40:00,0
21,11,2024-04-09T21:38:00,0
15,35,2024-04-09T21:45:00,0
33,9,2024-04-09T22:05:00,0
20,1,2024-04-10T13:10:00,0
31,12,2024-04-10T13:15:00,0
3,13,2024-04-10T15:07:00,1
23,14,2024-04-10T15:10:00,0
15,35,2024-04-10T15:45:00,0
21,11,2024-04-10T16:07:00,0
10,16,2024-04-10T18:10:00,1
2,32,2024-04-10T18:40:00,0
33,9,2024-04-10T18:40:00,0
29,22,2024-04-10T19:05:00,1
25,19,2024-04-10T19:10:00,0
26,18,2024-04-10T19:20:00,0
5,30,2024-04-10T19:40:00,1
28,24,2024-04-10T20:05:00,0
26,18,2024-04-11T12:20:00,0
2,32,2024-04-11T13:10:00,0
17,20,2024-04-11T13:10:00,0
5,30,2024-04-11T14:10:00,1
28,24,2024-04-11T14:35:00,0
12,4,2024-04-11T18:40:00,0
25,19,2024-04-11T19:10:00,0
17,20,2024-04-12T18:40:00,0
12,4,2024-04-12T18:40:00,0
11,15,2024-04-12T18:50:00,1
19,32,2024-04-12T19:05:00,0
3,23,2024-04-12T19:07:00,1
25,21,2024-04-12T19:10:00,1
10,29,2024-04-12T19:10:00,0
22,26,2024-04-12T19:10:00,0
18,5,2024-04-12T19:10:00,1
16,2,2024-04-12T19:40:00,0
30,28,2024-04-12T20:10:00,0
14,31,2024-04-12T21:40:00,1
24,35,2024-04-12T21:40:00,1
13,9,2024-04-12T21:40:00,0
1,33,2024-04-12T22:10:00,0
10,29,2024-04-13T12:10:00,0
17,20,2024-04-13T13:10:00,0
18,5,2024-04-13T13:40:00,1
16,2,2024-04-13T14:10:00,0
3,23,2024-04-13T15:07:00,1
19,32,2024-04-13T16:05:00,0
30,28,2024-04-13T16:05:00,0
12,4,2024-04-13T16:05:00,0
24,35,2024-04-13T16:07:00,1
25,21,2024-04-13T16:10:00,1
22,26,2024-04-13T16:10:00,0
11,15,2024-04-13T16:10:00,1
17,20,2024-04-13T17:05:00,0
10,29,2024-04-13T18:10:00,0
14,31,2024-04-13T20:10:00,1
1,33,2024-04-13T21:10:00,0
13,9,2024-04-13T21:40:00,0
19,32,2024-04-14T13:35:00,0
25,21,2024-04-14T13:35:00,1
12,4,2024-04-14T13:35:00,0
3,23,2024-04-14T13:37:00,1
10,29,2024-04-14T13:40:00,0
17,20,2024-04-14T13:40:00,0
22,26,2024-04-14T13:40:00,0
18,5,2024-04-14T13:40:00,1
11,15,2024-04-14T13:40:00,1
16,2,2024-04-14T14:10:00,0
30,28,2024-04-14T14:10:00,0
24,35,2024-04-14T16:07:00,1
14,31,2024-04-14T16:10:00,1
13,9,2024-04-14T16:10:00,0
1,33,2024-04-14T19:10:00,0
25,10,2024-04-15T11:10:00,0
19,20,2024-04-15T18:35:00,1
17,28,2024-04-15T18:40:00,0
22,15,2024-04-15T18:40:00,0
12,23,2024-04-15T18:40:00,1
11,21,2024-04-15T18:50:00,0
3,29,2024-04-15T19:07:00,1
18,4,2024-04-15T19:10:00,1
16,5,2024-04-15T19:40:00,0
32,33,2024-04-15T19:40:00,0
30,26,2024-04-15T20:10:00,0
14,9,2024-04-15T21:40:00,0
24,31,2024-04-15T21:40:00,0
13,2,2024-04-15T21:42:00,1
1,35,2024-04-15T22:10:00,0
17,28,2024-04-16T13:10:00,0
19,20,2024-04-16T18:35:00,1
22,15,2024-04-16T18:40:00,0
12,23,2024-04-16T18:40:00,1
11,21,2024-04-16T18:50:00,0
3,29,2024-04-16T19:07:00,1
25,10,2024-04-16T19:10:00,0
18,4,2024-04-16T19:10:00,1
16,5,2024-04-16T19:40:00,0
32,33,2024-04-16T19:40:00,0
30,26,2024-04-16T20:10:00,0
14,9,2024-04-16T21:40:00,0
24,31,2024-04-16T21:40:00,0
13,2,2024-04-16T21:40:00,1
1,35,2024-04-16T22:10:00,0
22,15,2024-04-17T12:10:00,0
19,20,2024-04-17T13:05:00,1
17,28,2024-04-17T13:10:00,0
32,33,2024-04-17T13:10:00,0
18,4,2024-04-17T13:10:00,1
16,5,2024-04-17T14:10:00,0
30,26,2024-04-17T14:10:00,0
3,29,2024-04-17T15:07:00,1
1,35,2024-04-17T15:10:00,0
24,31,2024-04-17T15:37:00,0
14,9,2024-04-17T15:40:00,0
13,2,2024-04-17T16:10:00,1
16,5,2024-04-17T17:25:00,0
12,23,2024-04-17T18:05:00,1
11,21,2024-04-17T18:50:00,0
25,10,2024-04-17T19:10:00,0
17,28,2024-04-18T13:10:00,0
11,21,2024-04-18T13:10:00,0
25,10,2024-04-18T13:35:00,0
9,22,2024-04-18T19:40:00,0
15,14,2024-04-18T21:45:00,1
9,22,2024-04-19T14:20:00,0
2,21,2024-04-19T18:40:00,1
12,16,2024-04-19T18:40:00,1
4,25,2024-04-19T18:40:00,0
35,30,2024-04-19T18:45:00,1
29,11,2024-04-19T19:05:00,1
10,24,2024-04-19T19:10:00,1
26,28,2024-04-19T19:20:00,1
5,19,2024-04-19T19:40:00,0
20,17,2024-04-19T20:10:00,1
31,32,2024-04-19T20:15:00,0
23,13,2024-04-19T20:40:00,0
33,3,2024-04-19T21:40:00,0
1,18,2024-04-19T22:10:00,0
15,14,2024-04-19T22:15:00,1
29,11,2024-04-20T13:05:00,1
20,17,2024-04-20T14:10:00,1
31,32,2024-04-20T14:15:00,0
9,22,2024-04-20T14:20:00,0
1,18,2024-04-20T16:05:00,0
4,25,2024-04-20T16:05:00,0
15,14,2024-04-20T16:05:00,1
35,30,2024-04-20T16:05:00,1
12,16,2024-04-20T18:05:00,1
10,24,2024-04-20T18:10:00,1
2,21,2024-04-20T18:40:00,1
5,19,2024-04-20T19:10:00,0
26,28,2024-04-20T19:20:00,1
9,22,2024-04-20T19:40:00,0
23,13,2024-04-20T20:10:00,0
33,3,2024-04-20T20:40:00,0
29,11,2024-04-21T13:35:00,1
12,16,2024-04-21T13:35:00,1
4,25,2024-04-21T13:35:00,0
35,30,2024-04-21T13:35:00,1
2,21,2024-04-21T13:40:00,1
10,24,2024-04-21T13:40:00,1
5,19,2024-04-21T14:10:00,0
20,17,2024-04-21T14:10:00,1
31,32,2024-04-21T14:15:00,0
9,22,2024-04-21T14:20:00,0
23,13,2024-04-21T15:10:00,0
15,14,2024-04-21T16:05:00,1
1,18,2024-04-21T16:10:00,0
33,3,2024-04-21T16:10:00,0
26,28,2024-04-21T19:10:00,1
23,13,2024-04-21T20:10:00,0
29,24,2024-04-22T13:05:00,1
2,12,2024-04-22T18:40:00,0
4,32,2024-04-22T18:40:00,1
11,17,2024-04-22T18:50:00,0
26,22,2024-04-22T19:20:00,1
5,3,2024-04-22T19:40:00,1
20,16,2024-04-22T19:40:00,1
31,14,2024-04-22T19:45:00,1
23,33,2024-04-22T20:40:00,1
21,19,2024-04-22T21:38:00,0
15,18,2024-04-22T21:45:00,1
10,25,2024-04-23T18:10:00,1
2,12,2024-04-23T18:40:00,0
4,32,2024-04-23T18:40:00,1
35,1,2024-04-23T18:45:00,0
11,17,2024-04-23T18:50:00,0
29,24,2024-04-23T19:05:00,1
26,22,2024-04-23T19:20:00,1
9,30,2024-04-23T19:40:00,1
5,3,2024-04-23T19:40:00,1
20,16,2024-04-23T19:40:00,1
31,14,2024-04-23T19:45:00,1
28,13,2024-04-23T20:05:00,0
23,33,2024-04-23T20:40:00,1
21,19,2024-04-23T21:38:00,0
15,18,2024-04-23T21:45:00,1
31,14,2024-04-24T13:15:00,1
15,18,2024-04-24T15:45:00,1
21,19,2024-04-24T16:07:00,0
10,25,2024-04-24T18:10:00,1
2,12,2024-04-24T18:40:00,0
4,32,2024-04-24T18:40:00,1
35,1,2024-04-24T18:45:00,0
11,17,2024-04-24T18:50:00,0
29,24,2024-04-24T19:05:00,1
26,22,2024-04-24T19:20:00,1
9,30,2024-04-24T19:40:00,1
5,3,2024-04-24T19:40:00,1
20,16,2024-04-24T19:40:00,1
28,13,2024-04-24T20:05:00,0
23,33,2024-04-24T20:40:00,1
4,32,2024-04-25T12:35:00,1
2,12,2024-04-25T13:10:00,0
10,25,2024-04-25T13:10:00,1
20,16,2024-04-25T13:10:00,1
5,3,2024-04-25T14:10:00,1
9,30,2024-04-25T14:20:00,1
28,13,2024-04-25T14:35:00,0
23,33,2024-04-25T15:10:00,1
35,1,2024-04-25T16:05:00,0
29,24,2024-04-25T19:05:00,1
17,5,2024-04-26T13:10:00,1
19,24,2024-04-26T19:05:00,0
3,1,2024-04-26T19:07:00,0
25,9,2024-04-26T19:10:00,1
22,35,2024-04-26T19:10:00,0
18,31,2024-04-26T19:10:00,0
26,10,2024-04-26T19:20:00,1
16,11,2024-04-26T19:40:00,1
28,2,2024-04-26T20:05:00,1
32,29,2024-04-26T20:10:00,0
21,20,2024-04-26T21:38:00,0
33,12,2024-04-26T21:40:00,0
13,14,2024-04-26T21:40:00,1
15,4,2024-04-26T22:15:00,1
3,1,2024-04-27T15:07:00,0
19,24,2024-04-27T16:05:00,0
18,31,2024-04-27T16:05:00,0
28,2,2024-04-27T16:05:00,1
25,9,2024-04-27T16:10:00,1
22,35,2024-04-27T16:10:00,0
23,30,2024-04-27T18:05:00,0
17,5,2024-04-27T18:10:00,1
16,11,2024-04-27T19:10:00,1
32,29,2024-04-27T19:10:00,0
26,10,2024-04-27T19:20:00,1
33,12,2024-04-27T20:40:00,0
15,4,2024-04-27T21:05:00,1
21,20,2024-04-27T21:38:00,0
13,14,2024-04-27T21:40:00,1
26,10,2024-04-28T13:35:00,1
19,24,2024-04-28T13:35:00,0
3,1,2024-04-28T13:37:00,0
17,5,2024-04-28T13:40:00,1
22,35,2024-04-28T13:40:00,0
18,31,2024-04-28T13:40:00,0
16,11,2024-04-28T14:10:00,1
32,29,2024-04-28T14:10:00,0
28,2,2024-04-28T14:35:00,1
23,30,2024-04-28T16:05:00,0
15,4,2024-04-28T16:05:00,1
21,20,2024-04-28T16:07:00,0
33,12,2024-04-28T16:10:00,0
13,14,2024-04-28T16:10:00,1
25,9,2024-04-28T19:10:00,1
19,29,2024-04-29T18:35:00,1
17,31,2024-04-29T18:40:00,1
22,35,2024-04-29T18:40:00,0
3,5,2024-04-29T19:07:00,0
18,9,2024-04-29T19:10:00,0
16,20,2024-04-29T19:40:00,0
32,11,2024-04-29T19:40:00,1
21,12,2024-04-29T21:38:00,0
14,1,2024-04-29T21:40:00,0
24,4,2024-04-29T21:40:00,1
33,2,2024-04-29T21:40:00,1
13,26,2024-04-29T21:40:00,1
17,31,2024-04-30T15:40:00,1
19,29,2024-04-30T18:35:00,1
17,31,2024-04-30T18:40:00,1
22,23,2024-04-30T18:40:00,1
3,5,2024-04-30T19:07:00,0
25,15,2024-04-30T19:10:00,1
18,9,2024-04-30T19:10:00,0
16,20,2024-04-30T19:40:00,0
32,11,2024-04-30T19:40:00,1
28,35,2024-04-30T20:05:00,1
30,10,2024-04-30T20:10:00,1
21,12,2024-04-30T21:38:00,0
14,1,2024-04-30T21:40:00,0
24,4,2024-04-30T21:40:00,1
33,2,2024-04-30T21:40:00,1
13,26,2024-04-30T21:40:00,1
17,31,2024-05-01T13:10:00,1
32,11,2024-05-01T13:10:00,1
16,20,2024-05-01T14:10:00,0
3,5,2024-05-01T15:07:00,0
24,4,2024-05-01T15:37:00,1
13,26,2024-05-01T15:40:00,1
21,12,2024-05-01T16:07:00,0
33,2,2024-05-01T16:10:00,1
19,29,2024-05-01T18:35:00,1
22,23,2024-05-01T18:40:00,1
25,15,2024-05-01T19:10:00,1
18,9,2024-05-01T19:10:00,0
28,35,2024-05-01T20:05:00,1
30,10,2024-05-01T20:10:00,1
14,1,2024-05-01T21:40:00,0
22,23,2024-05-02T12:10:00,1
19,29,2024-05-02T13:05:00,1
18,9,2024-05-02T13:10:00,0
25,15,2024-05-02T13:35:00,1
28,35,2024-05-02T14:35:00,1
30,10,2024-05-02T20:10:00,1
9,32,2024-05-03T14:20:00,1
2,19,2024-05-03T18:10:00,0
12,15,2024-05-03T18:40:00,1
4,23,2024-05-03T18:40:00,1
35,3,2024-05-03T18:45:00,1
11,18,2024-05-03T18:50:00,1
29,17,2024-05-03T19:05:00,1
10,21,2024-05-03T19:10:00,1
5,28,2024-05-03T19:40:00,0
30,13,2024-05-03T20:10:00,0
20,25,2024-05-03T20:10:00,1
31,16,2024-05-03T20:15:00,0
14,33,2024-05-03T21:40:00,0
24,22,2024-05-03T21:40:00,1
1,26,2024-05-03T22:10:00,1
29,17,2024-05-04T13:05:00,1
20,25,2024-05-04T14:10:00,1
31,16,2024-05-04T14:15:00,0
9,32,2024-05-04T14:20:00,1
4,23,2024-05-04T16:05:00,1
35,3,2024-05-04T16:05:00,1
24,22,2024-05-04T16:07:00,1
12,15,2024-05-04T18:05:00,1
10,21,2024-05-04T18:10:00,1
2,19,2024-05-04T18:40:00,0
5,28,2024-05-04T19:10:00,0
30,13,2024-05-04T19:15:00,0
11,18,2024-05-04T19:15:00,1
14,33,2024-05-04T20:10:00,0
1,26,2024-05-04T21:10:00,1
29,17,2024-05-05T13:35:00,1
4,23,2024-05-05T13:35:00,1
35,3,2024-05-05T13:35:00,1
10,21,2024-05-05T13:40:00,1
11,18,2024-05-05T13:40:00,1
30,13,2024-05-05T14:10:00,0
5,28,2024-05-05T14:10:00,0
20,25,2024-05-05T14:10:00,1
31,16,2024-05-05T14:15:00,0
9,32,2024-05-05T14:20:00,1
24,22,2024-05-05T16:07:00,1
14,33,2024-05-05T16:10:00,0
2,19,2024-05-05T16:10:00,0
1,26,2024-05-05T16:10:00,1
12,15,2024-05-05T19:10:00,1
12,15,2024-05-06T16:05:00,1
10,17,2024-05-06T18:10:00,1
4,21,2024-05-06T18:40:00,0
11,16,2024-05-06T18:50:00,1
5,32,2024-05-06T19:10:00,1
9,33,2024-05-06T19:40:00,0
20,13,2024-05-06T19:40:00,1
31,18,2024-05-06T19:45:00,0
24,28,2024-05-06T21:40:00,0
1,22,2024-05-06T22:10:00,1
24,28,2024-05-07T15:37:00,0
10,17,2024-05-07T18:10:00,1
2,14,2024-05-07T18:40:00,0
12,3,2024-05-07T18:40:00,1
4,21,2024-05-07T18:40:00,0
35,19,2024-05-07T18:45:00,0
11,16,2024-05-07T18:50:00,1
29,30,2024-05-07T19:05:00,1
26,25,2024-05-07T19:20:00,1
9,33,2024-05-07T19:40:00,0
5,32,2024-05-07T19:40:00,1
20,13,2024-05-07T19:40:00,1
31,18,2024-05-07T19:45:00,0
23,15,2024-05-07T20:40:00,0
1,22,2024-05-07T22:10:00,1
4,21,2024-05-08T12:35:00,0
12,3,2024-05-08T13:05:00,1
10,17,2024-05-08T13:10:00,1
31,18,2024-05-08T13:15:00,0
5,32,2024-05-08T14:10:00,1
9,33,2024-05-08T14:20:00,0
1,22,2024-05-08T15:10:00,1
24,28,2024-05-08T15:37:00,0
24,28,2024-05-08T18:35:00,0
2,14,2024-05-08T18:40:00,0
35,19,2024-05-08T18:45:00,0
11,16,2024-05-08T18:50:00,1
29,30,2024-05-08T19:05:00,1
26,25,2024-05-08T19:20:00,1
20,13,2024-05-08T19:40:00,1
23,15,2024-05-08T20:40:00,0
2,14,2024-05-09T13:10:00,0
20,13,2024-05-09T13:10:00,1
23,15,2024-05-09T15:10:00,0
29,30,2024-05-09T17:05:00,1
16,10,2024-05-09T19:40:00,1
32,31,2024-05-09T19:40:00,1
21,5,2024-05-09T21:38:00,0
17,30,2024-05-10T18:40:00,0
4,9,2024-05-10T18:40:00,0
11,29,2024-05-10T18:50:00,1
19,14,2024-05-10T19:05:00,1
3,20,2024-05-10T19:07:00,0
25,35,2024-05-10T19:10:00,1
22,12,2024-05-10T19:10:00,0
18,26,2024-05-10T19:10:00,0
16,10,2024-05-10T19:40:00,1
32,31,2024-05-10T20:10:00,1
23,28,2024-05-10T20:40:00,1
21,5,2024-05-10T21:38:00,0
33,1,2024-05-10T21:40:00,0
13,24,2024-05-10T21:40:00,1
15,2,2024-05-10T22:15:00,1
3,20,2024-05-11T15:07:00,0
19,14,2024-05-11T16:05:00,1
4,9,2024-05-11T16:05:00,0
25,35,2024-05-11T16:10:00,1
22,12,2024-05-11T16:10:00,0
18,26,2024-05-11T16:10:00,0
11,29,2024-05-11T16:10:00,1
17,30,2024-05-11T18:10:00,0
16,10,2024-05-11T19:10:00,1
32,31,2024-05-11T19:15:00,1
15,2,2024-05-11T19:15:00,1
23,28,2024-05-11T20:10:00,1
33,1,2024-05-11T20:40:00,0
21,5,2024-05-11T21:38:00,0
13,24,2024-05-11T21:40:00,1
19,14,2024-05-12T13:35:00,1
25,35,2024-05-12T13:35:00,1
4,9,2024-05-12T13:35:00,0
3,20,2024-05-12T13:37:00,0
17,30,2024-05-12T13:40:00,0
22,12,2024-05-12T13:40:00,0
11,29,2024-05-12T13:40:00,1
16,10,2024-05-12T14:10:00,1
32,31,2024-05-12T14:10:00,1
23,28,2024-05-12T15:10:00,1
15,2,2024-05-12T16:05:00,1
21,5,2024-05-12T16:07:00,0
33,1,2024-05-12T16:10:00,0
13,24,2024-05-12T16:10:00,1
18,26,2024-05-12T19:10:00,0
19,3,2024-05-13T18:35:00,0
17,22,2024-05-13T18:40:00,0
25,11,2024-05-13T19:10:00,0
18,12,2024-05-13T19:10:00,0
26,9,2024-05-13T19:20:00,1
16,35,2024-05-13T19:40:00,1
32,4,2024-05-13T19:40:00,0
28,10,2024-05-13T20:05:00,0
30,24,2024-05-13T20:10:00,1
21,31,2024-05-13T21:38:00,0
14,2,2024-05-13T21:40:00,1
33,23,2024-05-13T21:40:00,0
13,5,2024-05-13T21:40:00,1
15,1,2024-05-13T21:45:00,1
18,12,2024-05-14T13:10:00,0
16,35,2024-05-14T16:40:00,1
19,3,2024-05-14T18:35:00,0
17,22,2024-05-14T18:40:00,0
25,11,2024-05-14T19:10:00,0
26,9,2024-05-14T19:20:00,1
32,4,2024-05-14T19:40:00,0
20,29,2024-05-14T19:40:00,0
16,35,2024-05-14T20:05:00,1
28,10,2024-05-14T20:05:00,0
30,24,2024-05-14T20:10:00,1
21,31,2024-05-14T21:38:00,0
14,2,2024-05-14T21:40:00,1
33,23,2024-05-14T21:40:00,0
13,5,2024-05-14T21:40:00,1
15,1,2024-05-14T21:45:00,1
19,3,2024-05-15T12:35:00,0
17,22,2024-05-15T13:10:00,0
32,4,2024-05-15T13:10:00,0
16,35,2024-05-15T14:10:00,1
14,2,2024-05-15T15:40:00,1
33,23,2024-05-15T16:10:00,0
13,5,2024-05-15T16:10:00,1
12,18,2024-05-15T18:40:00,0
25,11,2024-05-15T19:10:00,0
26,9,2024-05-15T19:20:00,1
20,29,2024-05-15T19:40:00,0
28,10,2024-05-15T20:05:00,0
30,24,2024-05-15T20:10:00,1
21,31,2024-05-15T21:07:00,0
15,1,2024-05-15T21:45:00,1
20,29,2024-05-16T13:10:00,0
12,18,2024-05-16T18:40:00,0
25,11,2024-05-16T19:10:00,0
9,4,2024-05-16T19:40:00,0
30,24,2024-05-16T20:10:00,1
1,2,2024-05-16T22:10:00,1
9,4,2024-05-17T14:20:00,0
12,35,2024-05-17T18:40:00,1
19,13,2024-05-17T19:05:00,1
29,16,2024-05-17T19:05:00,1
3,11,2024-05-17T19:07:00,0
10,20,2024-05-17T19:10:00,1
22,18,2024-05-17T19:10:00,1
26,33,2024-05-17T19:20:00,0
5,24,2024-05-17T19:40:00,1
28,21,2024-05-17T20:05:00,0
30,32,2024-05-17T20:10:00,1
31,25,2024-05-17T20:15:00,1
14,17,2024-05-17T21:40:00,0
1,2,2024-05-17T22:10:00,1
15,23,2024-05-17T22:15:00,1
29,16,2024-05-18T13:05:00,1
9,4,2024-05-18T14:20:00,0
3,11,2024-05-18T15:07:00,0
19,13,2024-05-18T16:05:00,1
15,23,2024-05-18T16:05:00,1
22,18,2024-05-18T16:10:00,1
12,35,2024-05-18T18:05:00,1
10,20,2024-05-18T18:10:00,1
30,32,2024-05-18T19:10:00,1
5,24,2024-05-18T19:10:00,1
26,33,2024-05-18T19:15:00,0
31,25,2024-05-18T19:15:00,1
28,21,2024-05-18T19:15:00,0
14,17,2024-05-18T20:10:00,0
1,2,2024-05-18T21:10:00,1
31,25,2024-05-19T13:05:00,1
19,13,2024-05-19T13:35:00,1
29,16,2024-05-19T13:35:00,1
12,35,2024-05-19T13:35:00,1
3,11,2024-05-19T13:37:00,0
10,20,2024-05-19T13:40:00,1
22,18,2024-05-19T13:40:00,1
30,32,2024-05-19T14:10:00,1
5,24,2024-05-19T14:10:00,1
9,4,2024-05-19T14:20:00,0
28,21,2024-05-19T14:35:00,0
15,23,2024-05-19T16:05:00,1
14,17,2024-05-19T16:10:00,0
1,2,2024-05-19T16:10:00,1
26,33,2024-05-19T19:10:00,0
26,33,2024-05-20T12:20:00,0
3,16,2024-05-20T15:07:00,1
10,18,2024-05-20T18:10:00,1
26,33,2024-05-20T18:20:00,0
22,32,2024-05-20T18:40:00,1
35,20,2024-05-20T18:45:00,0
11,25,2024-05-20T18:50:00,0
29,13,2024-05-20T19:05:00,1
5,17,2024-05-20T19:40:00,1
31,19,2024-05-20T19:45:00,1
30,21,2024-05-20T20:10:00,0
1,14,2024-05-20T22:10:00,0
10,18,2024-05-21T18:10:00,1
2,33,2024-05-21T18:40:00,0
22,32,2024-05-21T18:40:00,1
12,28,2024-05-21T18:40:00,1
4,15,2024-05-21T18:40:00,0
35,20,2024-05-21T18:45:00,0
11,25,2024-05-21T18:50:00,0
29,13,2024-05-21T19:05:00,1
3,16,2024-05-21T19:07:00,1
9,26,2024-05-21T19:40:00,0
5,17,2024-05-21T19:40:00,1
31,19,2024-05-21T19:45:00,1
30,21,2024-05-21T20:10:00,0
24,23,2024-05-21T21:40:00,1
1,14,2024-05-21T22:10:00,0
35,20,2024-05-22T13:05:00,0
10,18,2024-05-22T13:10:00,1
31,19,2024-05-22T13:15:00,1
30,21,2024-05-22T14:10:00,0
5,17,2024-05-22T14:10:00,1
2,33,2024-05-22T18:40:00,0
22,32,2024-05-22T18:40:00,1
12,28,2024-05-22T18:40:00,1
4,15,2024-05-22T18:40:00,0
11,25,2024-05-22T18:50:00,0
29,13,2024-05-22T19:05:00,1
3,16,2024-05-22T19:07:00,1
9,26,2024-05-22T19:40:00,0
24,23,2024-05-22T21:40:00,1
1,14,2024-05-22T22:10:00,0
29,13,2024-05-23T12:35:00,1
4,15,2024-05-23T12:35:00,0
12,28,2024-05-23T13:05:00,1
2,33,2024-05-23T13:10:00,0
9,26,2024-05-23T14:20:00,0
24,23,2024-05-23T15:37:00,1
17,3,2024-05-23T18:40:00,1
16,19,2024-05-23T19:40:00,0
17,3,2024-05-24T18:40:00,1
4,26,2024-05-24T18:40:00,1
35,13,2024-05-24T18:45:00,1
11,5,2024-05-24T18:50:00,0
25,32,2024-05-24T19:10:00,0
2,1,2024-05-24T19:10:00,1
20,28,2024-05-24T19:10:00,1
18,15,2024-05-24T19:10:00,0
16,19,2024-05-24T19:40:00,0
31,9,2024-05-24T20:15:00,1
23,12,2024-05-24T20:40:00,1
21,10,2024-05-24T21:38:00,0
14,22,2024-05-24T21:40:00,0
24,30,2024-05-24T21:40:00,1
33,29,2024-05-24T21:40:00,0
17,3,2024-05-25T13:10:00,1
18,15,2024-05-25T13:40:00,0
16,19,2024-05-25T14:10:00,0
20,28,2024-05-25T14:10:00,1
4,26,2024-05-25T16:05:00,1
35,13,2024-05-25T16:05:00,1
24,30,2024-05-25T16:07:00,1
25,32,2024-05-25T16:10:00,0
11,5,2024-05-25T16:10:00,0
2,1,2024-05-25T19:15:00,1
31,9,2024-05-25T19:15:00,1
23,12,2024-05-25T21:10:00,1
21,10,2024-05-25T21:38:00,0
33,29,2024-05-25T21:40:00,0
14,22,2024-05-25T22:10:00,0
17,3,2024-05-26T11:35:00,1
2,1,2024-05-26T12:10:00,1
25,32,2024-05-26T13:35:00,0
4,26,2024-05-26T13:35:00,1
35,13,2024-05-26T13:35:00,1
18,15,2024-05-26T13:40:00,0
11,5,2024-05-26T13:40:00,0
16,19,2024-05-26T14:10:00,0
20,28,2024-05-26T14:10:00,1
23,12,2024-05-26T15:10:00,1
21,10,2024-05-26T16:07:00,0
24,30,2024-05-26T16:07:00,1
14,22,2024-05-26T16:10:00,0
33,29,2024-05-26T16:10:00,0
31,9,2024-05-26T19:10:00,1
19,25,2024-05-27T13:05:00,1
16,3,2024-05-27T14:10:00,0
20,5,2024-05-27T14:10:00,1
26,35,2024-05-27T16:10:00,0
2,31,2024-05-27T16:10:00,0
23,10,2024-05-27T16:10:00,1
32,9,2024-05-27T16:10:00,1
18,1,2024-05-27T16:10:00,0
15,12,2024-05-27T17:05:00,1
33,22,2024-05-27T18:40:00,1
13,30,2024-05-27T21:40:00,1
18,1,2024-05-28T16:10:00,0
19,25,2024-05-28T18:35:00,1
2,31,2024-05-28T18:40:00,0
17,4,2024-05-28T18:40:00,1
11,24,2024-05-28T18:50:00,1
26,35,2024-05-28T19:20:00,0
16,3,2024-05-28T19:40:00,0
32,9,2024-05-28T19:40:00,1
20,5,2024-05-28T19:40:00,1
18,1,2024-05-28T19:40:00,0
28,14,2024-05-28T20:05:00,1
23,10,2024-05-28T20:40:00,1
21,29,2024-05-28T21:38:00,0
33,22,2024-05-28T21:40:00,1
13,30,2024-05-28T21:40:00,1
15,12,2024-05-28T21:45:00,1
17,4,2024-05-29T12:40:00,1
2,31,2024-05-29T13:10:00,0
28,14,2024-05-29T14:35:00,1
17,4,2024-05-29T15:40:00,1
15,12,2024-05-29T15:45:00,1
18,1,2024-05-29T16:10:00,0
33,22,2024-05-29T16:10:00,1
19,25,2024-05-29T18:35:00,1
11,24,2024-05-29T18:50:00,1
26,35,2024-05-29T19:20:00,0
16,3,2024-05-29T19:40:00,0
32,9,2024-05-29T19:40:00,1
20,5,2024-05-29T19:40:00,1
23,10,2024-05-29T20:40:00,1
21,29,2024-05-29T21:38:00,0
13,30,2024-05-29T21:40:00,1
32,9,2024-05-30T13:10:00,1
20,5,2024-05-30T13:10:00,1
11,24,2024-05-30T13:10:00,1
13,30,2024-05-30T16:10:00,1
25,17,2024-05-30T19:10:00,1
18,14,2024-05-30T19:10:00,0
26,35,2024-05-30T19:20:00,0
21,29,2024-05-30T21:38:00,0
9,2,2024-05-31T14:20:00,0
12,31,2024-05-31T18:40:00,1
19,11,2024-05-31T19:05:00,1
3,4,2024-05-31T19:07:00,1
25,17,2024-05-31T19:10:00,1
10,35,2024-05-31T19:10:00,1
22,28,2024-05-31T19:10:00,0
18,14,2024-05-31T19:10:00,0
26,24,2024-05-31T19:20:00,1
30,20,2024-05-31T20:10:00,0
5,33,2024-05-31T20:10:00,0
32,16,2024-05-31T20:10:00,1
1,23,2024-05-31T22:10:00,1
13,21,2024-05-31T22:10:00,1
15,29,2024-05-31T22:15:00,0
3,4,2024-06-01T15:07:00,1
19,11,2024-06-01T16:05:00,1
26,24,2024-06-01T16:10:00,1
25,17,2024-06-01T16:10:00,1
10,35,2024-06-01T16:10:00,1
30,20,2024-06-01T16:10:00,0
5,33,2024-06-01T16:10:00,0
22,28,2024-06-01T16:10:00,0
32,16,2024-06-01T16:10:00,1
18,14,2024-06-01T16:10:00,0
9,2,2024-06-01T19:15:00,0
12,31,2024-06-01T19:15:00,1
13,21,2024-06-01T19:15:00,1
15,29,2024-06-01T22:05:00,0
1,23,2024-06-01T22:10:00,1
30,20,2024-06-02T13:05:00,0
26,24,2024-06-02T13:35:00,1
19,11,2024-06-02T13:35:00,1
25,17,2024-06-02T13:35:00,1
3,4,2024-06-02T13:37:00,1
10,35,2024-06-02T13:40:00,1
22,28,2024-06-02T13:40:00,0
18,14,2024-06-02T13:40:00,0
5,33,2024-06-02T14:10:00,0
32,16,2024-06-02T14:10:00,1
9,2,2024-06-02T14:20:00,0
15,29,2024-06-02T16:05:00,0
1,23,2024-06-02T16:10:00,1
13,21,2024-06-02T16:10:00,1
12,31,2024-06-02T19:10:00,1
12,32,2024-06-03T18:40:00,1
35,18,2024-06-03T18:45:00,0
3,19,2024-06-03T19:07:00,1
28,17,2024-06-03T20:05:00,0
30,31,2024-06-03T20:10:00,1
23,2,2024-06-03T20:40:00,0
21,33,2024-06-03T21:38:00,1
14,15,2024-06-03T21:40:00,1
10,5,2024-06-04T18:40:00,1
22,11,2024-06-04T18:40:00,0
12,32,2024-06-04T18:40:00,1
4,1,2024-06-04T18:40:00,1
35,18,2024-06-04T18:45:00,0
29,20,2024-06-04T19:05:00,1
3,19,2024-06-04T19:07:00,1
25,26,2024-06-04T19:10:00,0
9,16,2024-06-04T20:05:00,1
28,17,2024-06-04T20:05:00,0
30,31,2024-06-04T20:10:00,1
23,2,2024-06-04T20:40:00,0
21,33,2024-06-04T21:38:00,1
14,15,2024-06-04T21:40:00,1
24,13,2024-06-04T21:40:00,0
25,26,2024-06-05T13:35:00,0
30,31,2024-06-05T14:10:00,1
23,2,2024-06-05T15:10:00,0
14,15,2024-06-05T15:40:00,1
12,32,2024-06-05T16:05:00,1
35,18,2024-06-05T16:05:00,0
10,5,2024-06-05T18:40:00,1
22,11,2024-06-05T18:40:00,0
4,1,2024-06-05T18:40:00,1
29,20,2024-06-05T19:05:00,1
3,19,2024-06-05T19:07:00,1
9,16,2024-06-05T20:05:00,1
28,17,2024-06-05T20:05:00,0
21,33,2024-06-05T21:38:00,1
24,13,2024-06-05T21:40:00,0
3,19,2024-06-06T13:07:00,1
10,5,2024-06-06T13:10:00,1
24,13,2024-06-06T15:37:00,0
4,1,2024-06-06T18:40:00,1
35,26,2024-06-06T18:45:00,1
29,20,2024-06-06T19:05:00,1
2,9,2024-06-06T19:10:00,1
31,23,2024-06-06T19:45:00,0
16,25,2024-06-06T20:10:00,0
33,14,2024-06-06T21:40:00,0
17,32,2024-06-07T18:40:00,0
4,20,2024-06-07T18:40:00,1
35,26,2024-06-07T18:45:00,1
11,19,2024-06-07T18:50:00,0
29,1,2024-06-07T19:05:00,0
2,9,2024-06-07T19:10:00,1
22,10,2024-06-07T19:10:00,0
28,15,2024-06-07T20:05:00,0
16,25,2024-06-07T20:10:00,0
5,13,2024-06-07T20:10:00,1
31,23,2024-06-07T20:15:00,0
21,30,2024-06-07T21:38:00,0
24,3,2024-06-07T21:40:00,0
33,14,2024-06-07T21:40:00,0
18,12,2024-06-08T13:10:00,0
4,20,2024-06-08T16:05:00,1
28,15,2024-06-08T16:05:00,0
35,26,2024-06-08T16:05:00,1
24,3,2024-06-08T16:07:00,0
16,25,2024-06-08T16:10:00,0
2,9,2024-06-08T16:10:00,1
17,32,2024-06-08T16:10:00,0
5,13,2024-06-08T16:10:00,1
11,19,2024-06-08T16:10:00,0
31,23,2024-06-08T16:15:00,0
22,10,2024-06-08T19:35:00,0
29,1,2024-06-08T19:35:00,0
33,14,2024-06-08T20:40:00,0
21,30,2024-06-08T22:07:00,0
12,18,2024-06-09T10:10:00,0
28,15,2024-06-09T13:05:00,0
4,20,2024-06-09T13:35:00,1
35,26,2024-06-09T13:35:00,1
2,9,2024-06-09T13:40:00,1
17,32,2024-06-09T13:40:00,0
22,10,2024-06-09T13:40:00,0
11,19,2024-06-09T13:40:00,0
16,25,2024-06-09T14:10:00,0
5,13,2024-06-09T14:10:00,1
31,23,2024-06-09T14:15:00,0
21,30,2024-06-09T16:07:00,0
24,3,2024-06-09T16:07:00,0
33,14,2024-06-09T16:10:00,0
29,1,2024-06-09T19:10:00,0
11,19,2024-06-10T18:50:00,0
20,23,2024-06-10T19:40:00,1
5,29,2024-06-10T20:10:00,0
32,3,2024-06-10T20:10:00,1
33,24,2024-06-10T21:40:00,1
13,16,2024-06-10T21:40:00,1
15,30,2024-06-10T21:45:00,1
19,26,2024-06-11T18:35:00,1
17,35,2024-06-11T18:40:00,0
11,9,2024-06-11T18:50:00,1
25,12,2024-06-11T19:10:00,1
2,10,2024-06-11T19:10:00,1
18,22,2024-06-11T19:10:00,1
20,23,2024-06-11T19:40:00,1
31,4,2024-06-11T19:45:00,1
5,29,2024-06-11T20:10:00,0
32,3,2024-06-11T20:10:00,1
14,21,2024-06-11T21:40:00,1
33,24,2024-06-11T21:40:00,1
13,16,2024-06-11T21:40:00,1
15,30,2024-06-11T21:45:00,1
1,28,2024-06-11T22:10:00,0
20,23,2024-06-12T13:10:00,1
32,3,2024-06-12T14:10:00,1
15,30,2024-06-12T15:45:00,1
33,24,2024-06-12T16:10:00,1
19,26,2024-06-12T18:35:00,1
17,35,2024-06-12T18:40:00,0
11,9,2024-06-12T18:50:00,1
25,12,2024-06-12T19:10:00,1
2,10,2024-06-12T19:10:00,1
18,22,2024-06-12T19:10:00,1
31,4,2024-06-12T19:45:00,1
5,29,2024-06-12T20:10:00,0
14,21,2024-06-12T21:40:00,1
13,16,2024-06-12T21:40:00,1
1,28,2024-06-12T22:10:00,0
19,26,2024-06-13T13:05:00,1
17,35,2024-06-13T13:10:00,0
5,29,2024-06-13T14:10:00,0
31,4,2024-06-13T14:15:00,1
11,9,2024-06-13T18:50:00,1
25,12,2024-06-13T19:10:00,1
18,22,2024-06-13T19:10:00,1
20,24,2024-06-13T19:40:00,1
14,21,2024-06-13T21:40:00,1
13,16,2024-06-13T21:40:00,1
1,28,2024-06-13T22:10:00,0
9,31,2024-06-14T14:20:00,0
25,29,2024-06-14T18:30:00,0
35,22,2024-06-14T18:45:00,1
19,12,2024-06-14T19:05:00,1
3,10,2024-06-14T19:07:00,1
18,33,2024-06-14T19:10:00,1
26,11,2024-06-14T19:20:00,1
30,17,2024-06-14T20:10:00,1
32,2,2024-06-14T20:10:00,1
20,24,2024-06-14T20:10:00,1
23,4,2024-06-14T20:40:00,0
14,16,2024-06-14T21:40:00,1
1,5,2024-06-14T22:10:00,1
13,28,2024-06-14T22:10:00,1
15,21,2024-06-14T22:15:00,0
20,24,2024-06-15T14:10:00,1
9,31,2024-06-15T14:20:00,0
3,10,2024-06-15T15:07:00,1
19,12,2024-06-15T16:05:00,1
15,21,2024-06-15T16:05:00,0
35,22,2024-06-15T16:05:00,1
26,11,2024-06-15T16:10:00,1
30,17,2024-06-15T16:10:00,1
32,2,2024-06-15T16:10:00,1
18,33,2024-06-15T16:10:00,1
25,29,2024-06-15T19:15:00,0
13,28,2024-06-15T19:15:00,1
23,4,2024-06-15T21:10:00,0
1,5,2024-06-15T21:10:00,1
14,16,2024-06-15T22:10:00,1
9,31,2024-06-16T13:05:00,0
26,11,2024-06-16T13:35:00,1
19,12,2024-06-16T13:35:00,1
35,22,2024-06-16T13:35:00,1
3,10,2024-06-16T13:37:00,1
18,33,2024-06-16T13:40:00,1
30,17,2024-06-16T14:10:00,1
32,2,2024-06-16T14:10:00,1
20,24,2024-06-16T14:10:00,1
23,4,2024-06-16T15:10:00,0
15,21,2024-06-16T16:05:00,0
14,16,2024-06-16T16:10:00,1
1,5,2024-06-16T16:10:00,1
13,28,2024-06-16T16:10:00,1
25,29,2024-06-16T19:10:00,0
20,24,2024-06-16T19:40:00,1
22,31,2024-06-17T18:40:00,0
12,33,2024-06-17T18:40:00,1
4,2,2024-06-17T18:40:00,1
3,25,2024-06-17T19:07:00,0
26,17,2024-06-17T19:20:00,1
9,15,2024-06-17T20:05:00,1
28,18,2024-06-17T20:05:00,0
23,1,2024-06-17T20:40:00,0
21,32,2024-06-17T21:38:00,0
22,31,2024-06-18T18:10:00,0
10,13,2024-06-18T18:40:00,1
12,33,2024-06-18T18:40:00,1
4,2,2024-06-18T18:40:00,1
35,14,2024-06-18T18:45:00,0
29,19,2024-06-18T19:05:00,0
3,25,2024-06-18T19:07:00,0
26,17,2024-06-18T19:20:00,1
20,11,2024-06-18T19:40:00,0
9,15,2024-06-18T20:05:00,1
28,18,2024-06-18T20:05:00,0
16,30,2024-06-18T20:10:00,0
23,1,2024-06-18T20:40:00,0
21,32,2024-06-18T21:38:00,0
24,5,2024-06-18T21:40:00,1
26,17,2024-06-19T12:20:00,1
4,2,2024-06-19T12:35:00,1
22,31,2024-06-19T12:40:00,0
12,33,2024-06-19T13:05:00,1
9,15,2024-06-19T14:20:00,1
35,14,2024-06-19T16:05:00,0
10,13,2024-06-19T18:40:00,1
29,19,2024-06-19T19:05:00,0
3,25,2024-06-19T19:07:00,0
20,11,2024-06-19T19:40:00,0
28,18,2024-06-19T20:05:00,0
16,30,2024-06-19T20:10:00,0
23,1,2024-06-19T20:40:00,0
21,32,2024-06-19T21:38:00,0
24,5,2024-06-19T21:40:00,1
35,14,2024-06-20T13:05:00,0
10,13,2024-06-20T13:10:00,1
20,11,2024-06-20T13:10:00,0
16,30,2024-06-20T14:10:00,0
23,1,2024-06-20T15:10:00,0
24,5,2024-06-20T15:37:00,1
29,19,2024-06-20T16:05:00,0
31,15,2024-06-20T19:15:00,1
33,32,2024-06-20T21:40:00,1
9,18,2024-06-21T14:20:00,0
17,16,2024-06-21T18:40:00,1
12,14,2024-06-21T18:40:00,1
4,11,2024-06-21T18:40:00,0
29,26,2024-06-21T19:05:00,0
2,25,2024-06-21T19:10:00,0
10,3,2024-06-21T19:10:00,1
22,13,2024-06-21T19:10:00,1
28,5,2024-06-21T20:05:00,1
30,19,2024-06-21T20:10:00,1
23,35,2024-06-21T20:40:00,0
24,20,2024-06-21T21:40:00,0
33,32,2024-06-21T21:40:00,1
1,21,2024-06-21T22:10:00,1
17,16,2024-06-22T13:10:00,1
31,15,2024-06-22T14:15:00,1
9,18,2024-06-22T14:20:00,0
12,14,2024-06-22T16:05:00,1
4,11,2024-06-22T16:05:00,0
28,5,2024-06-22T16:05:00,1
24,20,2024-06-22T16:07:00,0
2,25,2024-06-22T16:10:00,0
10,3,2024-06-22T16:10:00,1
30,19,2024-06-22T16:10:00,1
22,13,2024-06-22T16:10:00,1
29,26,2024-06-22T19:15:00,0
33,32,2024-06-22T19:15:00,1
23,35,2024-06-22T21:10:00,0
1,21,2024-06-22T22:10:00,1
12,14,2024-06-23T11:35:00,1
29,26,2024-06-23T13:35:00,0
4,11,2024-06-23T13:35:00,0
2,25,2024-06-23T13:40:00,0
10,3,2024-06-23T13:40:00,1
17,16,2024-06-23T13:40:00,1
22,13,2024-06-23T13:40:00,1
30,19,2024-06-23T14:10:00,1
31,15,2024-06-23T14:15:00,1
28,5,2024-06-23T14:35:00,1
23,35,2024-06-23T15:10:00,0
24,20,2024-06-23T16:07:00,0
33,32,2024-06-23T16:10:00,1
9,18,2024-06-23T19:10:00,0
19,10,2024-06-24T18:35:00,0
17,12,2024-06-24T18:40:00,0
11,13,2024-06-24T18:50:00,1
25,3,2024-06-24T19:10:00,0
2,4,2024-06-24T19:10:00,0
31,26,2024-06-24T19:45:00,1
16,1,2024-06-24T20:10:00,0
5,22,2024-06-24T20:10:00,1
32,28,2024-06-24T20:10:00,1
21,24,2024-06-24T21:38:00,1
33,35,2024-06-24T21:40:00,1
15,9,2024-06-24T21:45:00,1
19,10,2024-06-25T18:35:00,0
17,12,2024-06-25T18:40:00,0
11,13,2024-06-25T18:50:00,1
25,3,2024-06-25T19:10:00,0
2,4,2024-06-25T19:10:00,0
18,29,2024-06-25T19:10:00,1
31,26,2024-06-25T19:45:00,1
16,1,2024-06-25T20:10:00,0
30,23,2024-06-25T20:10:00,1
5,22,2024-06-25T20:10:00,1
32,28,2024-06-25T20:10:00,1
21,24,2024-06-25T21:38:00,1
14,20,2024-06-25T21:40:00,0
33,35,2024-06-25T21:40:00,1
15,9,2024-06-25T21:45:00,1
11,13,2024-06-26T12:10:00,1
2,4,2024-06-26T13:10:00,0
17,12,2024-06-26T13:10:00,0
31,26,2024-06-26T13:45:00,1
30,23,2024-06-26T14:10:00,1
5,22,2024-06-26T14:10:00,1
32,28,2024-06-26T14:10:00,1
21,24,2024-06-26T16:07:00,1
33,35,2024-06-26T16:10:00,1
19,10,2024-06-26T18:35:00,0
25,3,2024-06-26T19:10:00,0
18,29,2024-06-26T19:10:00,1
31,26,2024-06-26T19:15:00,1
16,1,2024-06-26T20:10:00,0
14,20,2024-06-26T21:40:00,0
15,9,2024-06-26T21:45:00,1
14,20,2024-06-27T15:40:00,0
15,9,2024-06-27T15:45:00,1
16,26,2024-06-27T16:10:00,1
12,22,2024-06-27T18:20:00,1
19,28,2024-06-27T18:35:00,1
3,29,2024-06-27T19:07:00,1
31,2,2024-06-27T19:45:00,0
5,10,2024-06-27T20:10:00,1
21,17,2024-06-27T21:38:00,1
12,22,2024-06-28T18:20:00,1
11,35,2024-06-28T18:50:00,1
19,28,2024-06-28T19:05:00,1
3,29,2024-06-28T19:07:00,1
25,33,2024-06-28T19:10:00,0
16,23,2024-06-28T19:10:00,1
18,30,2024-06-28T19:10:00,0
26,4,2024-06-28T19:20:00,1
5,10,2024-06-28T20:10:00,1
32,9,2024-06-28T20:10:00,1
31,2,2024-06-28T20:15:00,0
21,17,2024-06-28T21:38:00,1
14,24,2024-06-28T21:40:00,1
13,20,2024-06-28T21:40:00,0
15,1,2024-06-28T22:15:00,1
16,23,2024-06-29T14:10:00,1
31,2,2024-06-29T14:15:00,0
3,29,2024-06-29T15:07:00,1
12,22,2024-06-29T16:05:00,1
14,24,2024-06-29T16:10:00,1
26,4,2024-06-29T16:10:00,1
25,33,2024-06-29T16:10:00,0
5,10,2024-06-29T16:10:00,1
32,9,2024-06-29T16:10:00,1
18,30,2024-06-29T16:10:00,0
11,35,2024-06-29T16:10:00,1
19,28,2024-06-29T19:15:00,1
15,1,2024-06-29T19:15:00,1
21,17,2024-06-29T22:07:00,1
13,20,2024-06-29T22:10:00,0
26,4,2024-06-30T11:35:00,1
25,33,2024-06-30T13:35:00,0
12,22,2024-06-30T13:35:00,1
3,29,2024-06-30T13:37:00,1
18,30,2024-06-30T13:40:00,0
11,35,2024-06-30T13:40:00,1
16,23,2024-06-30T14:10:00,1
5,10,2024-06-30T14:10:00,1
32,9,2024-06-30T14:10:00,1
31,2,2024-06-30T14:15:00,0
15,1,2024-06-30T16:05:00,1
21,17,2024-06-30T16:07:00,1
14,24,2024-06-30T16:10:00,1
13,20,2024-06-30T16:10:00,0
19,28,2024-06-30T19:10:00,1
3,30,2024-07-01T15:07:00,0
35,18,2024-07-01T18:45:00,0
23,32,2024-07-01T20:40:00,1
10,16,2024-07-02T18:40:00,1
22,25,2024-07-02T18:40:00,0
4,31,2024-07-02T18:40:00,0
35,18,2024-07-02T18:45:00,0
29,2,2024-07-02T19:05:00,0
3,30,2024-07-02T19:07:00,0
26,15,2024-07-02T19:20:00,0
20,17,2024-07-02T19:40:00,1
9,12,2024-07-02T20:05:00,0
28,33,2024-07-02T20:05:00,0
5,11,2024-07-02T20:10:00,0
23,32,2024-07-02T20:40:00,1
24,21,2024-07-02T21:40:00,1
13,19,2024-07-02T21:40:00,0
1,14,2024-07-02T22:10:00,0
10,16,2024-07-03T18:40:00,1
22,25,2024-07-03T18:40:00,0
4,31,2024-07-03T18:40:00,0
35,18,2024-07-03T18:45:00,0
29,2,2024-07-03T19:05:00,0
3,30,2024-07-03T19:07:00,0
26,15,2024-07-03T19:20:00,0
9,12,2024-07-03T20:05:00,0
28,33,2024-07-03T20:05:00,0
5,11,2024-07-03T20:10:00,0
20,17,2024-07-03T20:10:00,1
23,32,2024-07-03T20:40:00,1
24,21,2024-07-03T21:40:00,1
1,14,2024-07-03T22:10:00,0
13,19,2024-07-03T22:10:00,0
35,18,2024-07-04T11:05:00,0
4,31,2024-07-04T12:35:00,0
29,2,2024-07-04T13:05:00,0
3,30,2024-07-04T13:07:00,0
10,16,2024-07-04T13:10:00,1
22,25,2024-07-04T13:10:00,0
20,17,2024-07-04T13:10:00,1
9,12,2024-07-04T14:20:00,0
28,33,2024-07-04T14:35:00,0
24,21,2024-07-04T16:07:00,1
13,19,2024-07-04T16:10:00,0
26,15,2024-07-04T19:20:00,0
23,32,2024-07-04T20:10:00,1
5,11,2024-07-04T20:10:00,0
1,14,2024-07-04T21:10:00,0
9,21,2024-07-05T14:20:00,1
4,18,2024-07-05T18:40:00,0
35,31,2024-07-05T18:45:00,0
29,25,2024-07-05T19:05:00,0
2,17,2024-07-05T19:10:00,0
10,15,2024-07-05T19:10:00,1
22,16,2024-07-05T19:10:00,1
26,12,2024-07-05T19:20:00,1
28,11,2024-07-05T20:05:00,1
23,5,2024-07-05T20:10:00,1
20,30,2024-07-05T20:10:00,1
24,19,2024-07-05T21:40:00,0
33,14,2024-07-05T21:40:00,0
13,3,2024-07-05T21:40:00,0
1,32,2024-07-05T22:10:00,1
29,25,2024-07-06T13:05:00,0
20,30,2024-07-06T14:10:00,1
9,21,2024-07-06T14:20:00,1
4,18,2024-07-06T16:05:00,0
28,11,2024-07-06T16:05:00,1
35,31,2024-07-06T16:05:00,0
24,19,2024-07-06T16:07:00,0
2,17,2024-07-06T16:10:00,0
10,15,2024-07-06T16:10:00,1
22,16,2024-07-06T16:10:00,1
13,3,2024-07-06T16:10:00,0
26,12,2024-07-06T19:15:00,1
1,32,2024-07-06T19:15:00,1
23,5,2024-07-06T21:10:00,1
33,14,2024-07-06T21:40:00,0
26,12,2024-07-07T13:35:00,1
4,18,2024-07-07T13:35:00,0
35,31,2024-07-07T13:35:00,0
2,17,2024-07-07T13:40:00,0
10,15,2024-07-07T13:40:00,1
22,16,2024-07-07T13:40:00,1
20,30,2024-07-07T14:10:00,1
9,21,2024-07-07T14:20:00,1
28,11,2024-07-07T14:35:00,1
23,5,2024-07-07T15:10:00,1
24,19,2024-07-07T16:07:00,0
1,32,2024-07-07T16:10:00,1
33,14,2024-07-07T16:10:00,0
13,3,2024-07-07T16:10:00,0
29,25,2024-07-07T19:10:00,0
4,18,2024-07-08T12:35:00,0
35,31,2024-07-08T16:05:00,0
17,10,2024-07-08T18:40:00,1
2,23,2024-07-08T19:10:00,1
16,20,2024-07-08T20:10:00,0
21,28,2024-07-08T21:38:00,0
14,26,2024-07-08T21:40:00,0
19,9,2024-07-09T18:35:00,0
17,10,2024-07-09T18:40:00,1
12,1,2024-07-09T18:40:00,1
11,29,2024-07-09T18:50:00,1
25,24,2024-07-09T19:10:00,1
2,23,2024-07-09T19:10:00,1
18,35,2024-07-09T19:10:00,1
31,5,2024-07-09T19:45:00,0
16,20,2024-07-09T20:10:00,0
30,22,2024-07-09T20:10:00,1
32,4,2024-07-09T20:10:00,0
21,28,2024-07-09T21:38:00,0
14,26,2024-07-09T21:40:00,0
33,13,2024-07-09T21:40:00,0
15,3,2024-07-09T21:45:00,0
31,5,2024-07-10T13:45:00,0
16,20,2024-07-10T14:10:00,0
16,20,2024-07-10T17:05:00,0
19,9,2024-07-10T18:35:00,0
17,10,2024-07-10T18:40:00,1
33,13,2024-07-10T18:40:00,0
11,29,2024-07-10T18:50:00,1
12,1,2024-07-10T19:05:00,1
25,24,2024-07-10T19:10:00,1
2,23,2024-07-10T19:10:00,1
18,35,2024-07-10T19:10:00,1
31,5,2024-07-10T19:45:00,0
30,22,2024-07-10T20:10:00,1
32,4,2024-07-10T20:10:00,0
21,28,2024-07-10T21:38:00,0
14,26,2024-07-10T21:40:00,0
15,3,2024-07-10T21:45:00,0
2,23,2024-07-11T13:10:00,1
17,10,2024-07-11T13:10:00,1
18,35,2024-07-11T13:10:00,1
32,4,2024-07-11T14:10:00,0
15,3,2024-07-11T15:45:00,0
12,1,2024-07-11T18:05:00,1
19,9,2024-07-11T18:35:00,0
11,29,2024-07-11T18:50:00,1
25,24,2024-07-11T19:10:00,1
30,22,2024-07-11T20:10:00,1
21,13,2024-07-11T21:38:00,1
14,26,2024-07-11T21:40:00,0
17,1,2024-07-12T18:40:00,1
12,24,2024-07-12T18:40:00,0
11,10,2024-07-12T18:50:00,1
19,29,2024-07-12T19:05:00,1
25,5,2024-07-12T19:10:00,1
2,22,2024-07-12T19:10:00,1
18,23,2024-07-12T19:10:00,1
16,4,2024-07-12T20:10:00,0
30,28,2024-07-12T20:10:00,0
32,35,2024-07-12T20:10:00,0
31,9,2024-07-12T20:15:00,1
21,13,2024-07-12T21:38:00,1
14,3,2024-07-12T21:40:00,1
33,26,2024-07-12T21:40:00,0
15,20,2024-07-12T22:15:00,1
17,1,2024-07-13T13:10:00,1
16,4,2024-07-13T14:10:00,0
31,9,2024-07-13T14:15:00,1
19,29,2024-07-13T16:05:00,1
12,24,2024-07-13T16:05:00,0
25,5,2024-07-13T16:10:00,1
2,22,2024-07-13T16:10:00,1
30,28,2024-07-13T16:10:00,0
32,35,2024-07-13T16:10:00,0
18,23,2024-07-13T16:10:00,1
11,10,2024-07-13T16:10:00,1
33,26,2024-07-13T19:15:00,0
15,20,2024-07-13T19:15:00,1
31,9,2024-07-13T20:15:00,1
21,13,2024-07-13T21:38:00,1
14,3,2024-07-13T22:10:00,1
19,29,2024-07-14T11:35:00,1
25,5,2024-07-14T13:35:00,1
12,24,2024-07-14T13:35:00,0
2,22,2024-07-14T13:40:00,1
17,1,2024-07-14T13:40:00,1
18,23,2024-07-14T13:40:00,1
11,10,2024-07-14T13:40:00,1
16,4,2024-07-14T14:10:00,0
30,28,2024-07-14T14:10:00,0
32,35,2024-07-14T14:10:00,0
31,9,2024-07-14T14:15:00,1
15,20,2024-07-14T16:05:00,1
21,13,2024-07-14T16:07:00,1
14,3,2024-07-14T16:10:00,1
33,26,2024-07-14T16:10:00,0
9,14,2024-07-19T14:20:00,0
4,12,2024-07-19T18:40:00,1
35,2,2024-07-19T18:45:00,1
29,11,2024-07-19T19:05:00,1
3,17,2024-07-19T19:07:00,0
10,33,2024-07-19T19:10:00,0
22,18,2024-07-19T19:10:00,1
26,31,2024-07-19T19:20:00,0
28,19,2024-07-19T20:05:00,0
5,16,2024-07-19T20:10:00,1
23,15,2024-07-19T20:40:00,0
24,21,2024-07-19T21:40:00,1
1,25,2024-07-19T22:10:00,1
13,30,2024-07-19T22:10:00,1
29,11,2024-07-20T13:05:00,1
26,31,2024-07-20T13:07:00,0
3,17,2024-07-20T15:07:00,0
24,21,2024-07-20T16:07:00,1
22,18,2024-07-20T16:10:00,1
4,12,2024-07-20T18:40:00,1
35,2,2024-07-20T18:45:00,1
28,19,2024-07-20T19:05:00,0
10,33,2024-07-20T19:10:00,0
5,16,2024-07-20T19:10:00,1
20,32,2024-07-20T19:10:00,0
9,14,2024-07-20T19:15:00,0
1,25,2024-07-20T19:15:00,1
26,31,2024-07-20T19:20:00,0
23,15,2024-07-20T20:10:00,0
13,30,2024-07-20T21:40:00,1
20,32,2024-07-21T13:05:00,0
26,31,2024-07-21T13:35:00,0
29,11,2024-07-21T13:35:00,1
4,12,2024-07-21T13:35:00,1
35,2,2024-07-21T13:35:00,1
3,17,2024-07-21T13:37:00,0
10,33,2024-07-21T13:40:00,0
22,18,2024-07-21T13:40:00,1
5,16,2024-07-21T14:10:00,1
9,14,2024-07-21T14:20:00,0
28,19,2024-07-21T14:35:00,0
23,15,2024-07-21T15:10:00,0
24,21,2024-07-21T16:07:00,1
13,30,2024-07-21T16:10:00,1
1,25,2024-07-21T19:10:00,1
29,11,2024-07-22T13:05:00,1
10,17,2024-07-22T18:40:00,1
22,18,2024-07-22T18:40:00,1
4,31,2024-07-22T18:40:00,0
26,2,2024-07-22T19:20:00,0
20,12,2024-07-22T19:40:00,1
9,32,2024-07-22T20:05:00,1
28,16,2024-07-22T20:05:00,1
5,14,2024-07-22T20:10:00,0
23,25,2024-07-22T20:40:00,0
24,30,2024-07-22T21:40:00,1
13,21,2024-07-22T21:40:00,1
1,15,2024-07-22T22:10:00,1
10,17,2024-07-23T18:40:00,1
22,19,2024-07-23T18:40:00,1
4,31,2024-07-23T18:40:00,0
35,33,2024-07-23T18:45:00,0
29,18,2024-07-23T19:05:00,0
3,11,2024-07-23T19:07:00,0
26,2,2024-07-23T19:20:00,0
20,12,2024-07-23T19:40:00,1
9,32,2024-07-23T20:05:00,1
28,16,2024-07-23T20:05:00,1
5,14,2024-07-23T20:10:00,0
23,25,2024-07-23T20:40:00,0
24,30,2024-07-23T21:40:00,1
13,21,2024-07-23T21:40:00,1
1,15,2024-07-23T22:10:00,1
26,2,2024-07-24T12:20:00,0
4,31,2024-07-24T12:35:00,0
20,12,2024-07-24T13:10:00,1
9,32,2024-07-24T14:20:00,1
23,25,2024-07-24T15:10:00,0
24,30,2024-07-24T15:37:00,1
13,21,2024-07-24T15:40:00,1
26,2,2024-07-24T18:05:00,0
10,17,2024-07-24T18:40:00,1
22,19,2024-07-24T18:40:00,1
35,33,2024-07-24T18:45:00,0
29,18,2024-07-24T19:05:00,0
3,11,2024-07-24T19:07:00,0
28,16,2024-07-24T20:05:00,1
5,14,2024-07-24T20:10:00,0
1,15,2024-07-24T22:10:00,1
35,33,2024-07-25T12:05:00,0
22,19,2024-07-25T12:10:00,1
10,17,2024-07-25T13:10:00,1
28,16,2024-07-25T14:35:00,1
3,11,2024-07-25T15:07:00,0
1,15,2024-07-25T16:10:00,1
18,26,2024-07-25T19:10:00,0
21,24,2024-07-25T21:38:00,1
17,20,2024-07-26T18:40:00,0
12,10,2024-07-26T18:40:00,0
11,2,2024-07-26T18:50:00,1
19,33,2024-07-26T19:05:00,0
3,28,2024-07-26T19:07:00,1
25,29,2024-07-26T19:10:00,0
18,26,2024-07-26T19:10:00,0
16,13,2024-07-26T20:10:00,0
30,1,2024-07-26T20:10:00,1
5,9,2024-07-26T20:10:00,0
32,22,2024-07-26T20:10:00,0
31,35,2024-07-26T20:15:00,0
21,24,2024-07-26T21:38:00,1
14,4,2024-07-26T21:40:00,1
15,23,2024-07-26T22:15:00,1
3,28,2024-07-27T15:07:00,1
19,33,2024-07-27T16:05:00,0
18,26,2024-07-27T16:10:00,0
11,2,2024-07-27T16:10:00,1
12,10,2024-07-27T18:05:00,0
17,20,2024-07-27T18:10:00,0
15,23,2024-07-27T19:05:00,1
30,1,2024-07-27T19:10:00,1
5,9,2024-07-27T19:10:00,0
32,22,2024-07-27T19:10:00,0
25,29,2024-07-27T19:15:00,0
16,13,2024-07-27T19:15:00,0
31,35,2024-07-27T19:15:00,0
14,4,2024-07-27T20:10:00,1
21,24,2024-07-27T21:38:00,1
15,23,2024-07-27T22:18:00,1
11,2,2024-07-28T11:35:00,1
19,33,2024-07-28T13:35:00,0
12,10,2024-07-28T13:35:00,0
3,28,2024-07-28T13:37:00,1
17,20,2024-07-28T13:40:00,0
18,26,2024-07-28T13:40:00,0
16,13,2024-07-28T14:10:00,0
30,1,2024-07-28T14:10:00,1
5,9,2024-07-28T14:10:00,0
32,22,2024-07-28T14:10:00,0
31,35,2024-07-28T14:15:00,0
15,23,2024-07-28T16:05:00,1
21,24,2024-07-28T16:07:00,1
14,4,2024-07-28T16:10:00,1
25,29,2024-07-28T19:10:00,0
19,3,2024-07-29T15:05:00,0
19,3,2024-07-29T18:35:00,0
17,10,2024-07-29T18:40:00,1
12,29,2024-07-29T18:40:00,0
25,13,2024-07-29T19:10:00,1
2,9,2024-07-29T19:10:00,1
18,20,2024-07-29T19:10:00,1
31,28,2024-07-29T19:45:00,0
16,5,2024-07-29T20:10:00,0
30,4,2024-07-29T20:10:00,1
32,26,2024-07-29T20:10:00,1
14,35,2024-07-29T21:40:00,0
17,10,2024-07-30T13:10:00,1
19,3,2024-07-30T18:35:00,0
12,29,2024-07-30T18:40:00,0
11,22,2024-07-30T18:50:00,1
25,13,2024-07-30T19:10:00,1
2,9,2024-07-30T19:10:00,1
18,20,2024-07-30T19:10:00,1
31,28,2024-07-30T19:45:00,0
16,5,2024-07-30T20:10:00,0
30,4,2024-07-30T20:10:00,1
32,26,2024-07-30T20:10:00,1
21,23,2024-07-30T21:38:00,1
14,35,2024-07-30T21:40:00,0
33,1,2024-07-30T21:40:00,0
15,24,2024-07-30T21:45:00,1
11,22,2024-07-31T12:10:00,1
19,3,2024-07-31T12:35:00,0
12,29,2024-07-31T12:35:00,0
18,20,2024-07-31T13:10:00,1
16,5,2024-07-31T14:10:00,0
32,26,2024-07-31T14:10:00,1
31,28,2024-07-31T14:15:00,0
14,35,2024-07-31T15:40:00,0
25,13,2024-07-31T16:10:00,1
2,9,2024-07-31T19:10:00,1
30,4,2024-07-31T20:10:00,1
33,1,2024-07-31T20:40:00,0
21,23,2024-07-31T21:38:00,1
15,24,2024-07-31T21:45:00,1
10,19,2024-08-01T18:40:00,1
17,5,2024-08-01T18:40:00,1
26,22,2024-08-01T19:20:00,1
9,31,2024-08-01T20:05:00,0
21,23,2024-08-01T21:38:00,1
9,31,2024-08-02T14:20:00,0
17,5,2024-08-02T18:40:00,1
4,14,2024-08-02T18:40:00,0
35,32,2024-08-02T18:45:00,0
29,3,2024-08-02T19:05:00,0
2,15,2024-08-02T19:10:00,0
10,19,2024-08-02T19:10:00,1
26,22,2024-08-02T19:20:00,1
28,25,2024-08-02T20:05:00,0
30,11,2024-08-02T20:10:00,1
20,16,2024-08-02T20:10:00,1
21,18,2024-08-02T21:38:00,1
24,1,2024-08-02T21:40:00,0
33,23,2024-08-02T21:40:00,0
13,12,2024-08-02T21:40:00,0
29,3,2024-08-03T13:05:00,0
9,31,2024-08-03T14:20:00,0
35,32,2024-08-03T16:05:00,0
17,5,2024-08-03T18:10:00,1
4,14,2024-08-03T18:40:00,0
28,25,2024-08-03T19:05:00,0
20,16,2024-08-03T19:10:00,1
2,15,2024-08-03T19:15:00,0
10,19,2024-08-03T19:15:00,1
30,11,2024-08-03T19:15:00,1
26,22,2024-08-03T19:20:00,1
33,23,2024-08-03T20:40:00,0
24,1,2024-08-03T21:07:00,0
21,18,2024-08-03T21:38:00,1
13,12,2024-08-03T21:40:00,0
2,15,2024-08-04T12:05:00,0
26,22,2024-08-04T13:35:00,1
29,3,2024-08-04T13:35:00,0
4,14,2024-08-04T13:35:00,0
35,32,2024-08-04T13:35:00,0
10,19,2024-08-04T13:40:00,1
17,5,2024-08-04T13:40:00,1
30,11,2024-08-04T14:10:00,1
20,16,2024-08-04T14:10:00,1
28,25,2024-08-04T14:35:00,0
21,18,2024-08-04T16:07:00,1
24,1,2024-08-04T16:07:00,0
33,23,2024-08-04T16:10:00,0
13,12,2024-08-04T16:10:00,0
9,31,2024-08-04T19:10:00,0
31,18,2024-08-05T17:15:00,0
10,14,2024-08-05T18:40:00,1
22,2,2024-08-05T18:40:00,0
35,15,2024-08-05T18:45:00,0
9,20,2024-08-05T20:05:00,1
28,30,2024-08-05T20:05:00,1
5,25,2024-08-05T20:10:00,0
24,16,2024-08-05T21:40:00,1
1,12,2024-08-05T22:10:00,0
10,14,2024-08-06T18:40:00,1
22,2,2024-08-06T18:40:00,0
4,33,2024-08-06T18:40:00,0
35,15,2024-08-06T18:45:00,0
29,21,2024-08-06T19:05:00,1
3,19,2024-08-06T19:07:00,1
26,32,2024-08-06T19:20:00,0
31,11,2024-08-06T19:45:00,1
9,20,2024-08-06T20:05:00,1
28,30,2024-08-06T20:05:00,1
5,25,2024-08-06T20:10:00,0
23,18,2024-08-06T20:40:00,1
24,16,2024-08-06T21:40:00,1
13,17,2024-08-06T21:40:00,0
1,12,2024-08-06T22:10:00,0
10,14,2024-08-07T13:10:00,1
9,20,2024-08-07T14:20:00,1
28,30,2024-08-07T14:35:00,1
24,16,2024-08-07T15:37:00,1
29,21,2024-08-07T16:05:00,1
10,14,2024-08-07T16:30:00,1
22,2,2024-08-07T18:40:00,0
4,33,2024-08-07T18:40:00,0
35,15,2024-08-07T18:45:00,0
3,19,2024-08-07T19:07:00,1
26,32,2024-08-07T19:20:00,0
29,21,2024-08-07T19:35:00,1
31,11,2024-08-07T19:45:00,1
5,25,2024-08-07T20:10:00,0
23,18,2024-08-07T20:40:00,1
13,17,2024-08-07T21:40:00,0
1,12,2024-08-07T22:10:00,0
35,15,2024-08-08T12:05:00,0
26,32,2024-08-08T12:20:00,0
4,33,2024-08-08T12:35:00,0
23,18,2024-08-08T15:10:00,1
22,2,2024-08-08T18:10:00,0
29,21,2024-08-08T19:05:00,1
3,19,2024-08-08T19:07:00,1
31,11,2024-08-08T19:15:00,1
14,12,2024-08-08T21:40:00,0
13,17,2024-08-08T21:40:00,0
20,10,2024-08-09T14:10:00,0
35,21,2024-08-09T18:45:00,0
11,19,2024-08-09T18:50:00,0
29,28,2024-08-09T19:05:00,0
3,24,2024-08-09T19:07:00,1
25,30,2024-08-09T19:10:00,0
22,33,2024-08-09T19:10:00,1
16,9,2024-08-09T20:10:00,1
5,31,2024-08-09T20:10:00,1
32,2,2024-08-09T20:10:00,1
20,10,2024-08-09T20:10:00,0
23,26,2024-08-09T20:40:00,0
14,12,2024-08-09T21:40:00,0
1,4,2024-08-09T22:10:00,1
13,18,2024-08-09T22:10:00,0
15,17,2024-08-09T22:15:00,1
29,28,2024-08-10T13:05:00,0
3,24,2024-08-10T15:07:00,1
15,17,2024-08-10T16:05:00,1
25,30,2024-08-10T16:10:00,0
22,33,2024-08-10T16:10:00,1
29,28,2024-08-10T16:40:00,0
35,21,2024-08-10T18:45:00,0
5,31,2024-08-10T19:10:00,1
32,2,2024-08-10T19:10:00,1
20,10,2024-08-10T19:10:00,0
16,9,2024-08-10T19:15:00,1
11,19,2024-08-10T19:15:00,0
14,12,2024-08-10T20:10:00,0
23,26,2024-08-10T20:10:00,0
1,4,2024-08-10T21:10:00,1
13,18,2024-08-10T21:40:00,0
35,21,2024-08-11T11:35:00,0
25,30,2024-08-11T13:35:00,0
29,28,2024-08-11T13:35:00,0
3,24,2024-08-11T13:37:00,1
22,33,2024-08-11T13:40:00,1
11,19,2024-08-11T13:40:00,0
32,2,2024-08-11T14:10:00,1
20,10,2024-08-11T14:10:00,0
23,26,2024-08-11T15:10:00,0
15,17,2024-08-11T16:05:00,1
14,12,2024-08-11T16:10:00,0
1,4,2024-08-11T16:10:00,1
13,18,2024-08-11T19:10:00,0
2,31,2024-08-12T18:40:00,0
10,9,2024-08-12T18:40:00,1
11,30,2024-08-12T18:50:00,1
25,28,2024-08-12T19:10:00,0
20,5,2024-08-12T19:40:00,1
16,29,2024-08-12T20:10:00,0
32,1,2024-08-12T20:10:00,1
21,3,2024-08-12T21:38:00,0
14,23,2024-08-12T21:40:00,1
33,4,2024-08-12T21:40:00,0
15,26,2024-08-12T21:45:00,1
19,35,2024-08-13T18:35:00,1
2,31,2024-08-13T18:40:00,0
10,9,2024-08-13T18:40:00,1
17,13,2024-08-13T18:40:00,0
12,22,2024-08-13T18:40:00,1
11,30,2024-08-13T18:50:00,1
25,28,2024-08-13T19:10:00,0
18,24,2024-08-13T19:10:00,0
20,5,2024-08-13T19:40:00,1
16,29,2024-08-13T20:10:00,0
32,1,2024-08-13T20:10:00,1
21,3,2024-08-13T21:38:00,0
14,23,2024-08-13T21:40:00,1
33,4,2024-08-13T21:40:00,0
15,26,2024-08-13T21:45:00,1
20,5,2024-08-14T13:10:00,1
14,23,2024-08-14T15:40:00,1
33,4,2024-08-14T16:10:00,0
25,28,2024-08-14T18:10:00,0
19,35,2024-08-14T18:35:00,1
2,31,2024-08-14T18:40:00,0
10,9,2024-08-14T18:40:00,1
17,13,2024-08-14T18:40:00,0
12,22,2024-08-14T18:40:00,1
11,30,2024-08-14T18:50:00,1
18,24,2024-08-14T19:10:00,0
16,29,2024-08-14T20:10:00,0
32,1,2024-08-14T20:10:00,1
21,3,2024-08-14T21:38:00,0
15,26,2024-08-14T21:45:00,1
17,13,2024-08-15T13:10:00,0
18,24,2024-08-15T13:10:00,0
32,1,2024-08-15T14:10:00,1
15,26,2024-08-15T15:45:00,1
19,25,2024-08-15T18:35:00,1
12,35,2024-08-15T18:40:00,1
28,20,2024-08-15T20:05:00,1
9,3,2024-08-16T14:20:00,1
2,5,2024-08-16T18:40:00,0
17,29,2024-08-16T18:40:00,0
12,35,2024-08-16T18:40:00,1
4,13,2024-08-16T18:40:00,1
11,14,2024-08-16T18:50:00,1
19,25,2024-08-16T19:05:00,1
18,22,2024-08-16T19:10:00,1
28,20,2024-08-16T20:05:00,1
30,16,2024-08-16T20:10:00,1
32,10,2024-08-16T20:10:00,1
31,1,2024-08-16T20:15:00,1
23,33,2024-08-16T20:40:00,1
21,26,2024-08-16T21:38:00,0
4,13,2024-08-17T13:05:00,1
17,29,2024-08-17T13:10:00,0
9,3,2024-08-17T14:20:00,1
18,22,2024-08-17T16:10:00,1
11,14,2024-08-17T16:10:00,1
12,35,2024-08-17T18:05:00,1
2,5,2024-08-17T18:40:00,0
19,25,2024-08-17T19:05:00,1
28,20,2024-08-17T19:05:00,1
24,15,2024-08-17T19:07:00,0
30,16,2024-08-17T19:10:00,1
32,10,2024-08-17T19:15:00,1
31,1,2024-08-17T19:15:00,1
23,33,2024-08-17T20:10:00,1
21,26,2024-08-17T21:38:00,0
18,22,2024-08-18T12:05:00,1
19,25,2024-08-18T13:35:00,1
12,35,2024-08-18T13:35:00,1
4,13,2024-08-18T13:35:00,1
2,5,2024-08-18T13:40:00,0
11,14,2024-08-18T13:40:00,1
30,16,2024-08-18T14:10:00,1
32,10,2024-08-18T14:10:00,1
31,1,2024-08-18T14:15:00,1
9,3,2024-08-18T14:20:00,1
28,20,2024-08-18T14:35:00,1
23,33,2024-08-18T15:10:00,1
21,26,2024-08-18T16:07:00,0
24,15,2024-08-18T16:07:00,0
17,29,2024-08-18T19:10:00,0
22,14,2024-08-19T18:40:00,0
3,2,2024-08-19T19:07:00,1
18,19,2024-08-19T19:10:00,1
28,4,2024-08-19T20:05:00,1
30,25,2024-08-19T20:10:00,0
5,21,2024-08-19T20:10:00,0
24,11,2024-08-19T21:40:00,0
33,20,2024-08-19T21:40:00,1
15,16,2024-08-19T21:45:00,1
1,13,2024-08-19T22:10:00,0
22,14,2024-08-20T18:40:00,0
35,23,2024-08-20T18:45:00,1
29,10,2024-08-20T19:05:00,0
3,2,2024-08-20T19:07:00,1
18,19,2024-08-20T19:10:00,1
26,12,2024-08-20T19:20:00,1
31,32,2024-08-20T19:45:00,0
9,17,2024-08-20T20:05:00,1
28,4,2024-08-20T20:05:00,1
30,25,2024-08-20T20:10:00,0
5,21,2024-08-20T20:10:00,0
24,11,2024-08-20T21:40:00,0
33,20,2024-08-20T21:40:00,1
15,16,2024-08-20T21:45:00,1
1,13,2024-08-20T22:10:00,0
18,19,2024-08-21T13:10:00,1
30,25,2024-08-21T14:10:00,0
28,4,2024-08-21T14:35:00,1
15,16,2024-08-21T15:45:00,1
22,14,2024-08-21T18:40:00,0
33,20,2024-08-21T18:40:00,1
35,23,2024-08-21T18:45:00,1
29,10,2024-08-21T19:05:00,0
3,2,2024-08-21T19:07:00,1
26,12,2024-08-21T19:20:00,1
31,32,2024-08-21T19:45:00,0
9,17,2024-08-21T20:05:00,1
5,21,2024-08-21T20:10:00,0
24,11,2024-08-21T21:40:00,0
1,13,2024-08-21T22:10:00,0
29,10,2024-08-22T13:05:00,0
35,23,2024-08-22T13:05:00,1
31,32,2024-08-22T14:15:00,0
9,17,2024-08-22T14:20:00,1
24,11,2024-08-22T15:37:00,0
4,2,2024-08-22T18:40:00,1
3,21,2024-08-22T19:07:00,0
26,12,2024-08-22T19:08:00,1
19,30,2024-08-22T19:08:00,0
33,18,2024-08-22T21:40:00,0
4,2,2024-08-23T18:40:00,1
19,30,2024-08-23T19:05:00,0
29,23,2024-08-23T19:05:00,1
3,21,2024-08-23T19:07:00,0
25,14,2024-08-23T19:10:00,1
10,28,2024-08-23T19:10:00,0
22,9,2024-08-23T19:10:00,0
26,35,2024-08-23T19:20:00,0
16,17,2024-08-23T20:10:00,0
5,12,2024-08-23T20:10:00,0
20,31,2024-08-23T20:10:00,0
24,32,2024-08-23T21:40:00,0
33,18,2024-08-23T21:40:00,0
1,11,2024-08-23T22:10:00,0
13,15,2024-08-23T22:10:00,1
29,23,2024-08-24T14:05:00,1
3,21,2024-08-24T15:07:00,0
19,30,2024-08-24T16:05:00,0
24,32,2024-08-24T16:07:00,0
25,14,2024-08-24T16:10:00,1
22,9,2024-08-24T16:10:00,0
13,15,2024-08-24T16:10:00,1
4,2,2024-08-24T18:40:00,1
16,17,2024-08-24T19:10:00,0
10,28,2024-08-24T19:10:00,0
5,12,2024-08-24T19:10:00,0
20,31,2024-08-24T19:10:00,0
26,35,2024-08-24T19:20:00,0
33,18,2024-08-24T20:40:00,0
1,11,2024-08-24T21:10:00,0
26,35,2024-08-25T12:05:00,0
25,14,2024-08-25T13:35:00,1
29,23,2024-08-25T13:35:00,1
4,2,2024-08-25T13:35:00,1
3,21,2024-08-25T13:37:00,0
10,28,2024-08-25T13:40:00,0
22,9,2024-08-25T13:40:00,0
16,17,2024-08-25T14:10:00,0
5,12,2024-08-25T14:10:00,0
20,31,2024-08-25T14:10:00,0
24,32,2024-08-25T16:07:00,0
1,11,2024-08-25T16:10:00,0
33,18,2024-08-25T16:10:00,0
13,15,2024-08-25T16:10:00,1
19,30,2024-08-25T19:10:00,0
10,5,2024-08-26T13:10:00,1
10,5,2024-08-26T18:40:00,1
12,30,2024-08-26T18:40:00,0
4,9,2024-08-26T18:40:00,0
35,29,2024-08-26T18:45:00,0
25,3,2024-08-26T19:10:00,0
20,26,2024-08-26T19:40:00,1
31,33,2024-08-26T19:45:00,0
16,17,2024-08-26T20:10:00,0
23,22,2024-08-26T20:40:00,1
13,11,2024-08-26T21:40:00,0
2,24,2024-08-27T18:40:00,1
10,5,2024-08-27T18:40:00,1
17,21,2024-08-27T18:40:00,0
12,30,2024-08-27T18:40:00,0
4,9,2024-08-27T18:40:00,0
35,29,2024-08-27T18:45:00,0
25,3,2024-08-27T19:10:00,0
20,26,2024-08-27T19:40:00,1
31,33,2024-08-27T19:45:00,0
16,28,2024-08-27T20:10:00,1
32,15,2024-08-27T20:10:00,1
23,22,2024-08-27T20:40:00,1
14,18,2024-08-27T21:40:00,0
13,11,2024-08-27T21:40:00,0
1,19,2024-08-27T22:10:00,0
4,9,2024-08-28T12:35:00,0
10,5,2024-08-28T13:10:00,1
12,30,2024-08-28T16:05:00,0
13,11,2024-08-28T16:10:00,0
2,24,2024-08-28T18:40:00,1
17,21,2024-08-28T18:40:00,0
35,29,2024-08-28T18:45:00,0
25,3,2024-08-28T19:10:00,0
20,26,2024-08-28T19:40:00,1
31,33,2024-08-28T19:45:00,0
16,28,2024-08-28T20:10:00,1
32,15,2024-08-28T20:10:00,1
23,22,2024-08-28T20:40:00,1
14,18,2024-08-28T21:40:00,0
1,19,2024-08-28T22:10:00,0
17,21,2024-08-29T13:10:00,0
16,28,2024-08-29T14:10:00,1
32,15,2024-08-29T14:10:00,1
31,33,2024-08-29T14:15:00,0
23,22,2024-08-29T15:10:00,1
14,18,2024-08-29T15:40:00,0
2,24,2024-08-29T17:10:00,1
12,26,2024-08-29T18:40:00,0
25,3,2024-08-29T19:10:00,0
30,5,2024-08-29T20:10:00,0
1,19,2024-08-29T22:10:00,0
2,32,2024-08-30T12:40:00,0
2,32,2024-08-30T18:40:00,0
17,25,2024-08-30T18:40:00,0
12,26,2024-08-30T18:40:00,0
35,9,2024-08-30T18:45:00,0
11,33,2024-08-30T18:50:00,0
29,31,2024-08-30T19:05:00,1
10,4,2024-08-30T19:10:00,1
28,24,2024-08-30T20:05:00,0
16,18,2024-08-30T20:10:00,0
30,5,2024-08-30T20:10:00,0
20,3,2024-08-30T20:10:00,1
23,19,2024-08-30T20:40:00,1
21,13,2024-08-30T21:38:00,1
14,1,2024-08-30T21:40:00,0
15,22,2024-08-30T22:15:00,0
29,31,2024-08-31T13:05:00,1
35,9,2024-08-31T16:05:00,0
11,33,2024-08-31T16:10:00,0
10,4,2024-08-31T18:10:00,1
17,25,2024-08-31T18:10:00,0
28,24,2024-08-31T19:05:00,0
16,18,2024-08-31T19:10:00,0
30,5,2024-08-31T19:10:00,0
20,3,2024-08-31T19:10:00,1
2,32,2024-08-31T19:15:00,0
12,26,2024-08-31T19:15:00,0
14,1,2024-08-31T20:10:00,0
23,19,2024-08-31T20:10:00,1
15,22,2024-08-31T21:05:00,0
21,13,2024-08-31T21:38:00,1
2,32,2024-09-01T12:10:00,0
29,31,2024-09-01T13:35:00,1
35,9,2024-09-01T13:35:00,0
10,4,2024-09-01T13:40:00,1
17,25,2024-09-01T13:40:00,0
11,33,2024-09-01T13:40:00,0
16,18,2024-09-01T14:10:00,0
30,5,2024-09-01T14:10:00,0
20,3,2024-09-01T14:10:00,1
28,24,2024-09-01T14:35:00,0
23,19,2024-09-01T15:10:00,1
15,22,2024-09-01T16:05:00,0
21,13,2024-09-01T16:07:00,1
14,1,2024-09-01T16:10:00,0
12,26,2024-09-01T19:10:00,0
32,31,2024-09-02T14:10:00,1
19,16,2024-09-02T15:05:00,1
14,1,2024-09-02T16:10:00,0
2,30,2024-09-02T16:10:00,0
5,10,2024-09-02T16:10:00,1
33,17,2024-09-02T18:40:00,1
11,20,2024-09-02T18:50:00,0
24,13,2024-09-02T19:07:00,0
18,25,2024-09-02T19:10:00,1
9,4,2024-09-02T19:40:00,0
28,29,2024-09-02T20:05:00,0
19,16,2024-09-03T18:35:00,1
22,35,2024-09-03T18:40:00,0
11,20,2024-09-03T18:50:00,0
3,12,2024-09-03T19:07:00,0
18,25,2024-09-03T19:10:00,1
26,23,2024-09-03T19:20:00,1
9,4,2024-09-03T19:40:00,0
5,10,2024-09-03T19:40:00,1
32,31,2024-09-03T19:40:00,1
28,29,2024-09-03T20:05:00,0
21,1,2024-09-03T21:38:00,0
24,13,2024-09-03T21:40:00,0
15,14,2024-09-03T21:45:00,1
3,12,2024-09-04T15:07:00,0
19,16,2024-09-04T18:35:00,1
2,30,2024-09-04T18:40:00,0
22,35,2024-09-04T18:40:00,0
11,20,2024-09-04T18:50:00,0
18,25,2024-09-04T19:10:00,1
26,23,2024-09-04T19:20:00,1
9,4,2024-09-04T19:40:00,0
5,10,2024-09-04T19:40:00,1
32,31,2024-09-04T19:40:00,1
28,29,2024-09-04T20:05:00,0
21,1,2024-09-04T21:38:00,0
24,13,2024-09-04T21:40:00,0
33,17,2024-09-04T21:40:00,1
15,14,2024-09-04T21:45:00,1
2,30,2024-09-05T13:10:00,0
11,20,2024-09-05T13:10:00,0
24,13,2024-09-05T15:37:00,0
15,14,2024-09-05T15:45:00,1
22,12,2024-09-05T18:40:00,0
4,35,2024-09-05T18:40:00,1
26,23,2024-09-05T19:20:00,1
28,21,2024-09-05T20:05:00,0
33,17,2024-09-05T20:40:00,1
9,29,2024-09-06T14:20:00,1
32,23,2024-09-06T18:10:00,0
4,35,2024-09-06T18:40:00,1
19,11,2024-09-06T19:05:00,1
25,16,2024-09-06T19:10:00,1
22,12,2024-09-06T19:10:00,0
18,2,2024-09-06T19:10:00,0
26,3,2024-09-06T19:20:00,0
28,21,2024-09-06T20:05:00,0
30,14,2024-09-06T20:10:00,1
5,20,2024-09-06T20:10:00,0
31,13,2024-09-06T20:15:00,0
24,17,2024-09-06T21:40:00,0
33,15,2024-09-06T21:40:00,0
1,10,2024-09-06T22:10:00,0
9,29,2024-09-07T14:20:00,1
19,11,2024-09-07T16:05:00,1
24,17,2024-09-07T16:07:00,0
30,14,2024-09-07T16:10:00,1
22,12,2024-09-07T16:10:00,0
18,2,2024-09-07T16:10:00,0
4,35,2024-09-07T18:40:00,1
28,21,2024-09-07T19:05:00,0
32,23,2024-09-07T19:10:00,0
25,16,2024-09-07T19:15:00,1
5,20,2024-09-07T19:15:00,0
31,13,2024-09-07T19:15:00,0
26,3,2024-09-07T19:20:00,0
33,15,2024-09-07T20:40:00,0
1,10,2024-09-07T21:10:00,0
19,11,2024-09-08T12:05:00,1
26,3,2024-09-08T13:35:00,0
25,16,2024-09-08T13:35:00,1
4,35,2024-09-08T13:35:00,1
22,12,2024-09-08T13:40:00,0
18,2,2024-09-08T13:40:00,0
30,14,2024-09-08T14:10:00,1
5,20,2024-09-08T14:10:00,0
32,23,2024-09-08T14:10:00,0
31,13,2024-09-08T14:15:00,0
9,29,2024-09-08T14:20:00,1
28,21,2024-09-08T14:35:00,0
24,17,2024-09-08T16:07:00,0
1,10,2024-09-08T16:10:00,0
33,15,2024-09-08T16:10:00,0
26,2,2024-09-09T18:40:00,0
12,11,2024-09-09T18:40:00,0
4,22,2024-09-09T18:40:00,0
29,5,2024-09-09T19:05:00,1
3,18,2024-09-09T19:07:00,0
25,19,2024-09-09T19:10:00,0
16,10,2024-09-09T19:40:00,1
20,21,2024-09-09T19:40:00,1
1,9,2024-09-09T22:10:00,1
17,23,2024-09-10T18:40:00,1
12,11,2024-09-10T18:40:00,0
4,22,2024-09-10T18:40:00,0
35,26,2024-09-10T18:45:00,1
29,5,2024-09-10T19:05:00,1
3,18,2024-09-10T19:07:00,0
25,19,2024-09-10T19:10:00,0
16,10,2024-09-10T19:40:00,1
20,21,2024-09-10T19:40:00,1
31,2,2024-09-10T19:45:00,0
30,24,2024-09-10T20:10:00,1
14,28,2024-09-10T21:40:00,1
13,33,2024-09-10T21:40:00,1
15,32,2024-09-10T21:45:00,1
1,9,2024-09-10T22:10:00,1
4,22,2024-09-11T12:35:00,0
16,10,2024-09-11T14:10:00,1
3,18,2024-09-11T15:07:00,0
14,28,2024-09-11T15:40:00,1
17,23,2024-09-11T18:40:00,1
12,11,2024-09-11T18:40:00,0
35,26,2024-09-11T18:45:00,1
29,5,2024-09-11T19:05:00,1
25,19,2024-09-11T19:10:00,0
20,21,2024-09-11T19:10:00,1
31,2,2024-09-11T19:45:00,0
30,24,2024-09-11T20:10:00,1
13,33,2024-09-11T21:40:00,1
15,32,2024-09-11T21:45:00,1
1,9,2024-09-11T22:10:00,1
17,23,2024-09-12T13:10:00,1
31,2,2024-09-12T13:15:00,0
30,24,2024-09-12T14:10:00,1
35,22,2024-09-12T18:45:00,1
10,11,2024-09-12T19:15:00,1
29,25,2024-09-12T19:15:00,0
13,28,2024-09-12T21:40:00,1
15,32,2024-09-12T21:45:00,1
17,19,2024-09-13T18:40:00,0
12,18,2024-09-13T18:40:00,0
4,5,2024-09-13T18:40:00,0
35,22,2024-09-13T18:45:00,1
29,25,2024-09-13T19:05:00,0
3,31,2024-09-13T19:07:00,0
10,11,2024-09-13T19:10:00,1
26,1,2024-09-13T19:20:00,0
16,24,2024-09-13T19:40:00,0
20,2,2024-09-13T20:10:00,0
23,9,2024-09-13T20:40:00,1
21,30,2024-09-13T21:38:00,0
14,32,2024-09-13T21:40:00,1
13,28,2024-09-13T22:10:00,1
15,33,2024-09-13T22:15:00,1
29,25,2024-09-14T13:05:00,0
4,5,2024-09-14T13:05:00,0
3,31,2024-09-14T15:07:00,0
12,18,2024-09-14T16:05:00,0
35,22,2024-09-14T16:05:00,1
10,11,2024-09-14T18:10:00,1
17,19,2024-09-14T18:10:00,0
16,24,2024-09-14T19:10:00,0
20,2,2024-09-14T19:10:00,0
26,1,2024-09-14T19:20:00,0
14,32,2024-09-14T20:10:00,1
23,9,2024-09-14T20:10:00,1
15,33,2024-09-14T21:05:00,1
21,30,2024-09-14T21:38:00,0
13,28,2024-09-14T21:40:00,1
17,19,2024-09-15T12:10:00,0
20,2,2024-09-15T13:05:00,0
29,25,2024-09-15T13:35:00,0
12,18,2024-09-15T13:35:00,0
4,5,2024-09-15T13:35:00,0
35,22,2024-09-15T13:35:00,1
3,31,2024-09-15T13:37:00,0
10,11,2024-09-15T13:40:00,1
16,24,2024-09-15T14:10:00,0
23,9,2024-09-15T15:10:00,1
15,33,2024-09-15T16:05:00,1
21,30,2024-09-15T16:07:00,0
14,32,2024-09-15T16:10:00,1
13,28,2024-09-15T16:10:00,1
26,1,2024-09-15T19:10:00,0
10,20,2024-09-16T18:40:00,1
18,35,2024-09-16T19:10:00,1
26,1,2024-09-16T19:20:00,0
9,24,2024-09-16T19:40:00,1
5,17,2024-09-16T19:40:00,1
32,12,2024-09-16T19:40:00,1
31,4,2024-09-16T19:45:00,1
23,14,2024-09-16T20:40:00,0
21,16,2024-09-16T21:38:00,1
33,30,2024-09-16T21:40:00,1
19,15,2024-09-17T18:35:00,1
2,26,2024-09-17T18:40:00,1
10,20,2024-09-17T18:40:00,1
22,1,2024-09-17T18:40:00,0
11,25,2024-09-17T18:50:00,0
18,35,2024-09-17T19:10:00,1
9,24,2024-09-17T19:40:00,1
5,17,2024-09-17T19:40:00,1
32,12,2024-09-17T19:40:00,1
31,4,2024-09-17T19:45:00,1
28,3,2024-09-17T20:05:00,1
23,14,2024-09-17T20:40:00,0
21,16,2024-09-17T21:38:00,1
33,30,2024-09-17T21:40:00,1
13,29,2024-09-17T21:40:00,1
9,24,2024-09-18T14:20:00,1
23,14,2024-09-18T15:10:00,0
21,16,2024-09-18T16:07:00,1
19,15,2024-09-18T18:35:00,1
2,26,2024-09-18T18:40:00,1
10,20,2024-09-18T18:40:00,1
22,1,2024-09-18T18:40:00,0
33,30,2024-09-18T18:40:00,1
11,25,2024-09-18T18:50:00,0
18,35,2024-09-18T19:10:00,1
5,17,2024-09-18T19:40:00,1
32,12,2024-09-18T19:40:00,1
31,4,2024-09-18T19:45:00,1
28,3,2024-09-18T20:05:00,1
13,29,2024-09-18T21:40:00,1
19,15,2024-09-19T13:05:00,1
2,26,2024-09-19T13:10:00,1
10,20,2024-09-19T13:10:00,1
28,3,2024-09-19T14:35:00,1
13,29,2024-09-19T16:10:00,1
22,1,2024-09-19T16:40:00,0
11,25,2024-09-19T18:50:00,0
18,12,2024-09-19T19:10:00,0
31,4,2024-09-19T19:15:00,1
9,35,2024-09-19T19:40:00,0
32,14,2024-09-19T19:40:00,1
30,21,2024-09-19T20:10:00,0
9,35,2024-09-20T14:20:00,0
2,4,2024-09-20T18:40:00,0
11,3,2024-09-20T18:50:00,1
19,17,2024-09-20T19:05:00,1
25,20,2024-09-20T19:10:00,0
22,26,2024-09-20T19:10:00,0
18,12,2024-09-20T19:10:00,0
28,13,2024-09-20T20:05:00,0
30,21,2024-09-20T20:10:00,0
5,15,2024-09-20T20:10:00,1
32,14,2024-09-20T20:10:00,1
31,10,2024-09-20T20:15:00,1
24,29,2024-09-20T21:40:00,0
33,16,2024-09-20T21:40:00,1
1,23,2024-09-20T22:10:00,1
2,4,2024-09-21T13:10:00,0
9,35,2024-09-21T14:20:00,0
19,17,2024-09-21T16:05:00,1
25,20,2024-09-21T16:10:00,0
22,26,2024-09-21T16:10:00,0
18,12,2024-09-21T16:10:00,0
11,3,2024-09-21T16:10:00,1
28,13,2024-09-21T19:05:00,0
30,21,2024-09-21T19:10:00,0
5,15,2024-09-21T19:10:00,1
32,14,2024-09-21T19:10:00,1
31,10,2024-09-21T19:15:00,1
33,16,2024-09-21T20:40:00,1
24,29,2024-09-21T21:07:00,0
1,23,2024-09-21T21:10:00,1
2,4,2024-09-22T13:10:00,0
19,17,2024-09-22T13:35:00,1
25,20,2024-09-22T13:35:00,0
22,26,2024-09-22T13:40:00,0
18,12,2024-09-22T13:40:00,0
11,3,2024-09-22T13:40:00,1
30,21,2024-09-22T14:10:00,0
5,15,2024-09-22T14:10:00,1
32,14,2024-09-22T14:10:00,1
31,10,2024-09-22T14:15:00,1
9,35,2024-09-22T14:20:00,0
28,13,2024-09-22T14:35:00,0
24,29,2024-09-22T16:07:00,0
1,23,2024-09-22T16:10:00,1
33,16,2024-09-22T16:10:00,1
12,9,2024-09-23T18:40:00,0
3,25,2024-09-23T19:07:00,0
30,13,2024-09-23T20:10:00,0
14,15,2024-09-23T21:40:00,1
10,2,2024-09-24T18:40:00,1
17,11,2024-09-24T18:40:00,1
12,9,2024-09-24T18:40:00,0
4,32,2024-09-24T18:40:00,1
35,5,2024-09-24T18:45:00,0
29,19,2024-09-24T19:05:00,0
3,25,2024-09-24T19:07:00,0
26,18,2024-09-24T19:20:00,0
16,21,2024-09-24T19:40:00,0
20,22,2024-09-24T19:40:00,1
30,13,2024-09-24T20:10:00,0
23,31,2024-09-24T20:40:00,0
14,15,2024-09-24T21:40:00,1
24,28,2024-09-24T21:40:00,0
1,33,2024-09-24T22:10:00,0
30,13,2024-09-25T14:10:00,0
12,9,2024-09-25T18:05:00,0
10,2,2024-09-25T18:40:00,1
17,11,2024-09-25T18:40:00,1
4,32,2024-09-25T18:40:00,1
35,5,2024-09-25T18:45:00,0
29,19,2024-09-25T19:05:00,0
3,25,2024-09-25T19:07:00,0
26,18,2024-09-25T19:20:00,0
16,21,2024-09-25T19:40:00,0
20,22,2024-09-25T19:40:00,1
23,31,2024-09-25T20:40:00,0
14,15,2024-09-25T21:40:00,1
24,28,2024-09-25T21:40:00,0
1,33,2024-09-25T22:10:00,0
4,32,2024-09-26T12:35:00,1
35,5,2024-09-26T13:05:00,0
17,11,2024-09-26T13:10:00,1
16,21,2024-09-26T14:10:00,0
23,31,2024-09-26T15:10:00,0
24,28,2024-09-26T15:37:00,0
29,19,2024-09-26T19:05:00,0
26,18,2024-09-26T19:20:00,0
20,22,2024-09-26T19:40:00,1
1,33,2024-09-26T22:10:00,0
9,2,2024-09-27T14:20:00,0
17,16,2024-09-27T18:40:00,1
35,12,2024-09-27T18:45:00,0
29,4,2024-09-27T19:05:00,1
3,22,2024-09-27T19:07:00,1
25,11,2024-09-27T19:10:00,0
10,30,2024-09-27T19:10:00,1
26,5,2024-09-27T19:20:00,1
23,1,2024-09-27T20:10:00,0
32,18,2024-09-27T20:10:00,1
20,19,2024-09-27T20:10:00,1
21,28,2024-09-27T21:38:00,0
14,33,2024-09-27T21:40:00,0
13,24,2024-09-27T22:10:00,1
15,31,2024-09-27T22:15:00,1
29,4,2024-09-28T13:05:00,1
17,16,2024-09-28T13:10:00,1
20,19,2024-09-28T14:10:00,1
9,2,2024-09-28T14:20:00,0
3,22,2024-09-28T15:07:00,1
15,31,2024-09-28T16:05:00,1
35,12,2024-09-28T16:05:00,0
25,11,2024-09-28T16:10:00,0
10,30,2024-09-28T18:10:00,1
32,18,2024-09-28T19:10:00,1
26,5,2024-09-28T19:20:00,1
14,33,2024-09-28T20:10:00,0
23,1,2024-09-28T20:10:00,0
21,28,2024-09-28T21:38:00,0
13,24,2024-09-28T21:40:00,1
25,11,2024-09-29T15:05:00,0
29,4,2024-09-29T15:05:00,1
15,31,2024-09-29T15:05:00,1
35,12,2024-09-29T15:05:00,0
21,28,2024-09-29T15:07:00,0
3,22,2024-09-29T15:07:00,1
14,33,2024-09-29T15:10:00,0
10,30,2024-09-29T15:10:00,1
23,1,2024-09-29T15:10:00,0
17,16,2024-09-29T15:10:00,1
32,18,2024-09-29T15:10:00,1
20,19,2024-09-29T15:10:00,1
13,24,2024-09-29T15:10:00,1
26,5,2024-09-29T15:20:00,1
9,2,2024-09-29T15:20:00,0
